,act,context,onset,offset,inter_scale,target,predictability,agent_H_NH,main_effector,eff_visibility,act_label,obj_label,run,sociality,dinamicity,durativity,telicity,iterativity,transitivity,multi_ag_vs_jointact,tool_mediated,faces,ToM,touch,EBL,EIA,gesticolare,simbolic_gestures,people_present,rater
0,act_1,1,00:11.8,00:14.8,1,0,1,1,5,1,dirigersi,furgoncino,1,0,1,1,1,0,0,0,0,1,0,0,0,0,0,0,0,LT
1,act_2,1,00:15.0,00:17.5,1,0,1,1,0,1,appoggiare,bottiglie ,1,0,1,0,1,0,1,0,0,0,0,2,0,0,0,0,0,LT
2,act_3,1,00:17.9,00:20.1,1,0,1,1,5,0,sedersi,sedile ,1,0,1,0,1,0,1,0,0,0,0,0,0,0,0,0,0,LT
3,act_4,1,00:20.1,00:20.8,0,0,1,1,0,0,accendere,furgoncino,1,0,1,0,1,0,1,0,1,0,0,2,0,0,0,0,0,LT
4,act_5,2,00:32.6,00:35.1,0,1,0,0,10,1,scuotersi,,1,0,1,0,0,0,0,0,0,0,0,0,0,0,0,0,0,LT
5,act_6,2,00:37.7,00:38.8,0,0,1,0,7,1,aprire,porta,1,0,1,0,1,0,1,0,0,0,0,2,0,0,0,0,0,LT
6,act_7,2,00:37.7,00:39.1,1,0,1,0,5,0,dirigersi,bagno,1,0,1,1,1,0,0,0,0,0,0,0,0,0,0,0,0,LT
7,act_8,2,00:41.6,00:43.1,0,0,1,0,4,1,aprire ,doccia,1,0,1,0,1,0,1,0,0,0,0,2,0,0,0,0,0,LT
8,act_9,2,00:45.1,00:48.1,0,0,1,0,6,1,chiudere,tendina,1,0,1,0,1,0,1,0,0,0,0,2,0,0,0,0,0,LT
9,act_10,2,00:52.6,00:57.2,1,0,1,0,6,1,scostare,coperta,1,1,1,0,1,0,1,0,0,1,0,2,0,1,0,0,0,LT
10,act_11,2,00:58.6,01:07.1,0,2,1,0,8,1,leccare,orecchio,1,1,1,1,1,0,0,0,0,1,0,1,0,1,0,0,0,LT
11,act_12,2,01:08.9,01:09.0,0,2,1,0,6,1,abbaiare,uomo,1,1,1,0,1,0,0,0,0,1,1,0,1,0,0,0,0,LT
12,act_13,2,01:08.9,01:09.0,0,1,0,1,9,1,svegliarsi ,,1,0,0,0,0,0,0,0,0,1,0,0,0,0,0,0,0,LT
13,act_14,2,01:12.4,01:12.8,0,0,0,0,7,1,accendere,caff√®,1,0,1,0,1,0,1,0,1,0,0,2,0,0,0,0,0,LT
14,act_15,2,01:17.5,01:20.5,1,0,1,0,5,1,dirigersi,tavolo,1,0,1,1,1,0,0,0,0,0,0,0,0,0,0,0,0,LT
15,act_16,2,01:21.0,01:22.0,0,0,1,0,4,0,avviare,computer,1,0,1,0,1,0,1,0,1,0,0,1,0,0,0,0,0,LT
16,act_17,2,01:24.6,01:25.7,0,0,0,0,6,1,abbaiare,computer,1,1,1,0,1,0,0,0,0,0,0,0,0,0,0,0,0,LT
17,act_18,2,01:26.9,01:30.5,1,0,1,0,5,1,dirigersi,porta,1,0,1,1,1,0,0,0,0,0,0,0,0,0,0,0,0,LT
18,act_19,2,01:31.7,01:33.0,0,0,1,0,6,1,aprire ,porta ,1,0,1,0,1,0,1,0,1,0,0,2,0,0,0,0,0,LT
19,act_20,1,01:34.6,01:36.8,0,0,1,0,6,1,afferrare ,bottiglie ,1,0,1,0,1,0,1,0,0,0,0,2,0,0,0,0,0,LT
20,act_21,1,01:39.1,01:40.6,0,0,1,0,7,0,chiudere,porta ,1,0,1,0,1,0,1,0,0,0,0,2,0,0,0,0,0,LT
21,act_22,2,01:46.2,01:50.6,0,0,0,0,9,1,guardare,televisione,1,0,0,1,0,0,0,0,0,0,0,0,0,0,0,0,0,LT
22,act_23,2,01:48.1,01:52.6,1,4,1,1,5,1,camminare,,1,0,1,1,0,0,0,0,0,0,0,0,0,0,0,0,0,LT
23,act_24,2,01:44.8,01:45.5,0,0,1,1,1,0,fare,colazione,1,0,1,1,1,0,1,0,0,0,0,2,0,0,0,0,0,LT
24,act_25,2,01:53.2,01:54.9,0,0,0,1,10,1,sedersi,sedia,1,0,1,0,1,0,1,0,0,0,0,0,0,0,0,0,0,LT
25,act_26,1,01:55.5,02:05.2,0,0,1,1,6,0,riportare,cronaca,1,1,1,1,1,0,0,0,0,1,0,0,0,0,0,0,0,LT
26,act_27,2,01:58.5,02:01.0,0,2,1,1,6,1,abbaiare,donna,1,1,1,0,1,0,0,0,0,0,0,0,1,1,0,0,0,LT
27,act_28,2,02:00.8,02:01.6,0,3,0,1,7,1,volgere ,testa,1,1,1,0,1,0,0,0,0,0,0,0,0,0,0,0,0,LT
28,act_29,1,02:03.1,02:13.1,0,0,1,1,6,1,raccontare,cronaca,1,1,1,1,1,0,0,0,0,1,0,0,0,0,0,0,1,LT
29,act_30,2,02:13.2,02:15.0,0,0,0,0,6,1,ringhiare,televisione,1,1,1,1,0,0,0,0,0,0,0,0,1,0,0,0,0,LT
30,act_31,1,02:15.2,02:18.0,0,0,1,1,6,1,raccontare,cronaca,1,1,1,1,1,0,0,0,0,1,0,0,0,1,0,0,1,LT
31,act_32,2,02:17.6,02:21.1,0,3,0,1,6,1,commentare,cronaca,1,1,1,1,1,0,0,0,0,1,1,0,1,0,0,0,0,LT
32,act_33,2,02:21.1,02:23.1,0,0,0,0,6,1,guaire,,1,0,1,0,0,0,0,0,0,0,0,0,1,0,0,0,0,LT
33,act_34,1,02:23.2,02:27.1,0,0,1,1,6,1,commentare,cronaca,1,1,1,1,1,0,0,0,0,1,1,0,1,0,0,0,0,LT
34,act_35,1,02:34.0,02:40.1,0,0,1,1,1,0,sfogliare ,giornale,1,0,1,1,0,1,1,0,0,1,0,2,0,0,0,0,0,LT
35,act_36,1,02:40.1,02:45.2,1,4,0,1,5,1,passeggiare,,1,0,1,1,0,0,0,0,0,1,0,0,0,0,0,0,1,LT
36,act_37,1,02:45.2,02:46.5,0,1,1,0,10,1,rizzarsi,passeggino ,1,0,1,0,0,0,0,0,0,0,0,0,1,0,0,0,0,LT
37,act_38,1,02:45.2 ,02:46.5,0,3,1,0,6,1,abbaiare,cane,1,1,1,0,1,0,0,0,0,0,0,0,0,1,0,0,0,LT
38,act_39,1,02:46.5,02:47.9,0,3,1,0,6,1,abbaiare,cane,1,1,1,0,1,0,0,0,0,0,0,0,0,1,0,0,0,LT
39,act_40,1,02:48.0,02:48.8,0,3,1,0,6,1,abbaiare,cane,1,1,1,0,1,0,0,0,0,0,0,0,0,1,0,0,0,LT
40,act_41,1,02:48.9,02:50.0,0,3,1,0,6,1,abbaiare,cane,1,1,1,0,1,0,0,0,0,0,0,0,0,1,0,0,0,LT
41,act_42,1,02:50.1,02:55.3,1,4,0,1,5,1,passeggiare,,1,0,1,0,0,0,0,0,0,1,0,0,0,0,0,0,1,LT
42,act_43,1,02:55.1,02:55.3,0,3,1,0,6,1,abbaiare,cane,1,1,1,0,1,0,0,0,0,0,0,0,1,0,0,0,0,LT
43,act_44,1,02:56.0,02:56.1,0,3,1,0,6,1,abbaiare,cane,1,1,1,1,1,0,0,0,0,0,0,0,0,0,0,0,0,LT
44,act_45,1,02:56.5,02:56.9,0,3,1,0,6,1,abbaiare,cane,1,1,1,1,1,0,0,0,0,0,0,0,0,0,0,0,0,LT
45,act_46,1,03:00.3,03:00.7,0,3,1,0,6,1,abbaiare,cane,1,1,1,0,1,0,0,0,0,0,0,0,0,0,0,0,0,LT
46,act_47,1,03:01.0,03:02.7,1,1,0,1,5,1,correre ,,1,0,1,1,0,1,0,2,0,0,0,0,0,0,0,0,0,LT
47,act_48,1,03:01.0,03:02.7,1,4,0,0,5,1,correre ,,1,0,1,1,0,1,0,2,0,0,0,0,1,0,0,0,0,LT
48,act_49,1,03:01.4,03:02.7,0,3,1,0,6,1,abbaiare,cane,1,1,1,0,1,0,0,0,0,0,0,0,1,0,0,0,0,LT
49,act_50,1,03:02.7,03:03.5,0,3,1,0,6,1,abbaiare,cane,1,1,1,1,1,0,0,0,0,0,0,0,0,0,0,0,0,LT
50,act_51,1,03:04.0,03:04.8,0,3,1,0,6,1,abbaiare,cane,1,1,1,1,1,0,0,0,0,0,0,0,0,0,0,0,0,LT
51,act_52,1,03:06.5,03:06.6,0,3,1,0,6,1,abbaiare,cane,1,1,1,0,1,0,0,0,0,1,0,0,0,0,0,0,0,LT
52,act_53,1,03:08.3,03:10.0,0,0,0,1,6,1,parlare ,cane,1,1,1,1,0,0,1,0,0,1,0,0,1,0,0,0,0,LT
53,act_54,1,03:07.0,03:10.7,0,0,0,1,5,1,piegare,giornale,1,0,1,0,1,0,0,0,0,1,0,2,0,0,0,0,0,LT
54,act_55,1,03:12.1,03:13.1,0,3,0,1,7,1,scuotere ,testa,1,1,1,0,0,0,0,0,0,1,0,0,0,0,0,1,0,LT
55,act_56,1,03:13.5,03:17.8,0,0,0,1,6,1,parlare ,cane,1,1,1,1,0,0,0,0,0,1,0,1,0,0,0,0,0,LT
56,act_57,1,03:15.0,03:17.1,0,2,0,0,4,1,aggrapparsi,uomo,1,1,1,0,0,0,0,0,0,1,0,1,0,1,0,0,0,LT
57,act_58,1,03:14.3,03:17.5,0,3,0,1,0,1,accarezzare,cane,1,1,1,1,0,0,0,0,0,1,0,1,0,0,0,0,0,LT
58,act_59,1,03:18.6,03:21.3,0,3,0,1,6,1,parlare,cane,1,1,1,1,0,0,0,0,0,1,0,0,0,0,0,0,0,LT
59,act_60,1,03:21.3,03:22.4,0,2,0,0,6,1,mugghiare,uomo,1,1,1,1,0,0,0,0,0,0,0,0,1,1,0,0,0,LT
60,act_61,1,03:22.6,03:22.9,0,1,0,1,7,1,volgere ,testa,1,0,1,0,0,0,0,0,0,1,0,0,0,0,0,0,0,LT
61,act_62,1,03:23.4,03:24.4,0,2,0,0,6,1,guaire,uomo,1,1,1,1,0,0,0,0,0,1,0,0,1,0,0,0,0,LT
62,act_63,1,03:24.4,03:26.5,0,3,0,1,6,1,rispondere ,cane,1,1,1,1,0,0,0,0,0,1,1,0,1,0,0,0,0,LT
63,act_64,1,03:26.7,03:27.8,0,2,0,0,6,1,guaire,uomo,1,1,1,1,0,0,0,0,0,1,0,0,1,0,0,0,0,LT
64,act_65,1,03:27.9,03:29.5,0,1,1,1,5,1,alzarsi,panchina,1,0,1,0,1,0,1,0,0,1,0,2,0,0,0,0,1,LT
65,act_66,1,03:29.6,03:39.1,0,1,1,1,5,1,passeggiare ,parco,1,0,1,1,0,1,0,0,0,1,0,2,0,0,0,0,1,LT
66,act_67,1,03:28.3,03:41.3,0,3,0,1,6,1,raccontare,cane,1,1,1,1,0,0,0,0,0,1,0,2,1,0,0,0,1,LT
67,act_68,1,03:38.4,03:43.3,0,0,0,1,9,1,leggere ,giornale,1,0,0,1,0,0,0,0,0,1,0,2,0,0,0,0,1,LT
68,act_69,1,03:41.8,03:41.9,0,3,0,0,6,1,abbaiare,cane,1,1,1,0,1,0,0,0,0,0,0,0,0,1,0,0,1,LT
69,act_70,1,03:46.7,03:49.0,1,0,0,1,10,1,guidare,moto,1,0,1,1,0,0,1,0,0,0,0,2,0,0,0,0,0,LT
70,act_71,1,03:52.3,03:55.7,1,0,1,1,5,1,scendere,scale,1,0,1,1,1,1,1,0,0,1,0,0,0,1,0,0,1,LT
71,act_72,1,03:55.9,03:57.2,0,0,1,1,2,1,aprire,portiera,1,0,1,0,1,0,1,0,0,1,0,2,0,1,0,0,1,LT
72,act_73,1,03:58.2,04:00.1,0,2,1,1,6,1,porgere,ossequi,1,1,1,0,1,0,0,0,0,1,0,0,0,1,0,1,0,LT
73,act_74,1,03:58.3,04:00.1,0,0,1,1,1,0,toccarsi,cappello,1,0,1,0,0,0,1,0,0,1,0,2,0,1,0,1,0,LT
74,act_75,1,04:00.8,04:02.2,0,0,1,1,11,1,scrollare ,sigaretta,1,0,1,0,1,0,1,0,0,0,0,2,0,1,0,0,0,LT
75,act_76,1,04:03.7,04:05.1,0,1,0,1,9,1,guardare ,piedi,1,0,0,1,0,0,0,0,0,1,0,0,0,0,0,0,0,LT
76,act_77,1,04:05.2,04:08.2,0,1,1,1,5,1,scendere,macchina,1,0,1,0,1,0,1,0,0,0,0,0,0,0,0,0,0,LT
77,act_78,1,04:08.3,04:13.3,1,1,1,1,5,0,dirigersi,palazzo,1,0,1,1,0,0,0,0,0,0,0,0,0,0,0,0,1,LT
78,act_79,1,04:13.7,04:16.5,1,1,1,1,5,0,salire,scale,1,0,1,1,1,1,1,0,0,0,0,0,0,0,0,0,1,LT
79,act_80,2,04:18.5,04:24.0,0,2,0,1,6,1,rispondere,telefonate,1,1,1,1,0,0,1,0,1,1,1,0,0,0,0,0,0,LT
80,act_81,2,04:24.4,04:26.2,0,2,0,1,10,1,inchinarsi,donna,1,1,1,0,1,0,0,0,0,1,0,0,0,0,0,1,0,LT
81,act_82,2,04:26.6,04:38.9,1,1,0,1,5,0,sfilare ,passerella,1,0,1,1,0,0,0,0,0,1,0,0,0,0,0,0,1,LT
82,act_83,2,04:28.0,04:29.1,0,2,0,1,6,0,parlare,telefonino,1,1,1,1,0,0,1,0,1,1,0,2,0,0,0,0,1,LT
83,act_84,2,04:39.1,04:41.5,1,1,0,1,5,1,scendere,gradini,1,0,1,1,0,1,1,0,0,1,0,0,0,0,0,0,0,LT
84,act_85,2,04:41.6,04:46.2,1,2,0,1,5,0,avvicinarsi,donna,1,0,1,0,0,0,0,0,0,1,0,0,0,1,0,0,0,LT
85,act_86,2,04:44.1,04:46.3,0,0,0,1,0,1,disegnare,vestito,1,0,1,1,0,0,1,0,1,1,0,0,0,0,0,0,0,LT
86,act_87,2,04:48.2,04:48.8,0,1,0,1,7,1,voltare,testa,1,0,1,0,0,0,0,0,0,1,0,0,0,0,0,0,0,LT
87,act_88,2,04:49.6,04:52.0,0,2,0,1,6,1,salutare,donna,1,1,1,0,1,0,0,0,0,1,0,0,1,0,0,0,0,LT
88,act_89,2,04:51.9,04:53.1,0,2,0,1,6,1,salutare ,donna,1,1,1,0,1,0,0,0,0,1,0,0,0,0,0,0,0,LT
89,act_90,2,04:52.0,04:53.1,0,0,0,1,1,1,togliersi,occhiali ,1,0,1,0,1,0,1,0,0,1,0,2,0,0,0,0,0,LT
90,act_91,2,04:53.6,04:54.9,0,0,0,1,1,0,spostare,foglio,1,0,1,0,0,0,1,0,0,1,0,2,0,0,0,0,0,LT
91,act_92,2,04:56.7,05:00.4,0,0,0,1,1,0,prendere ,foglio ,1,0,1,0,1,0,1,0,0,1,0,2,0,1,0,0,0,LT
92,act_93,2,05:03.1,05:05.6,0,0,0,1,0,1,accarezzare,foglio,1,0,1,1,0,0,1,0,0,1,0,2,0,1,0,0,0,LT
93,act_94,2,05:07.1,05:09.1,0,0,0,1,0,1,afferrare ,fotografia,1,0,1,0,1,0,1,0,0,0,0,2,0,1,0,0,0,LT
94,act_95,2,05:08.0,05:09.5,0,1,0,1,6,0, esclamare,,1,0,1,0,0,0,0,0,0,1,0,2,0,1,0,0,0,LT
95,act_96,2,05:09.4,05:10.1,0,2,0,1,6,1,ringraziare ,donna,1,1,1,0,1,0,0,0,0,1,0,0,0,0,0,0,0,LT
96,act_97,2,05:10.1,05:10.8,0,1,0,1,6,1,domandarsi,,1,0,1,0,0,0,0,0,0,1,0,2,0,1,0,0,0,LT
97,act_98,2,05:10.9,05:12.2,0,2,0,1,6,1,rispondere ,donna ,1,0,1,1,0,0,0,0,0,1,0,0,0,0,0,0,0,LT
98,act_99,2,05:12.7,05:13.4,0,1,1,1,6,0,domandare,donna ,1,1,1,0,1,0,0,0,0,1,0,0,0,1,0,0,0,LT
99,act_100,2,05:12.3,05:14.4,0,0,0,1,1,1,appoggiare,foglio,1,0,1,0,1,0,0,0,0,0,0,2,0,0,0,0,0,LT
100,act_101,2,05:14.4,05:14.6,0,2,0,1,6,1,assentire,donna,1,1,1,0,1,0,0,0,0,1,0,0,0,0,0,0,0,LT
101,act_102,2,05:14.8,05:16.0,0,2,1,1,6,1,domandare,donna,1,1,1,0,1,0,0,0,0,1,0,2,0,1,0,0,0,LT
102,act_103,2,05:16.0,05:16.3,0,2,0,1,6,1,rispondere,donna,1,1,1,0,1,0,0,0,0,0,0,0,0,0,0,0,0,LT
103,act_104,2,05:17.1,05:17.7,0,2,1,1,6,1,domandare,donna,1,1,1,0,1,0,0,0,0,1,0,2,0,1,0,0,0,LT
104,act_105,2,05:17.0,05:19.7,0,0,0,1,0,1,accarezzare,fotografia,1,0,1,1,0,0,1,0,0,0,0,2,0,1,0,0,0,LT
105,act_106,2,05:19.8,05:19.9,0,1,0,1,0,1,ritrarre ,mano,1,0,1,0,1,0,0,0,0,0,0,0,0,1,0,0,0,LT
106,act_107,2,05:18.2,05:19.6,0,2,0,1,6,0,rispondere ,donna,1,1,1,0,1,0,0,0,0,0,0,0,0,0,0,0,0,LT
107,act_108,2,05:19.8,05:19.9,0,1,0,1,6,0,dispiacersi,,1,0,1,0,1,0,0,0,0,1,0,0,1,0,0,0,0,LT
108,act_109,2,05:20.4,05:22.3,0,2,0,1,6,1,raccontare ,donna,1,1,1,1,0,0,0,0,0,1,0,0,0,0,0,0,0,LT
109,act_110,2,05:22.1,05:22.6,0,1,0,1,7,1,volgere ,testa,1,0,1,0,0,0,0,0,0,1,0,0,0,0,0,0,0,LT
110,act_111,2,05:23.0,05:24.1 ,0,1,0,1,6,1,esclamare,,1,0,1,0,1,0,0,0,0,1,0,0,1,1,0,0,0,LT
111,act_112,2,05:24.6,05:30.1,0,2,0,1,6,0,parlare ,donna,1,1,1,1,0,0,0,0,0,1,0,0,0,1,0,0,0,LT
112,act_113,2,05:32.0,05:36.3,1,4,0,1,5,1,camminare,,1,0,1,1,0,0,0,0,0,0,0,0,0,0,0,0,1,LT
113,act_114,2,05:31.9,05:36.1,0,2,1,1,6,0,parlare,donna,1,1,1,1,0,0,0,0,0,0,0,0,0,0,0,0,1,LT
114,act_115,2,05:36.9,05:39.6,1,1,1,1,5,0,salire,gradini ,1,0,1,1,1,1,0,0,0,1,0,0,0,0,0,0,1,LT
115,act_116,2,05:36.1,05:38.2,0,2,0,1,6,1,parlare ,donna,1,1,1,1,0,0,0,0,0,1,0,0,0,0,0,0,1,LT
116,act_117,2,05:38.3,05:38.6,0,2,0,1,6,1,parlare ,donna,1,1,1,1,0,0,0,0,0,1,0,0,1,0,1,0,1,LT
117,act_118,2,05:38.7,05:39.2,0,2,0,1,6,1,parlare ,donna,1,1,1,1,0,0,0,0,0,1,0,0,0,0,0,0,1,LT
118,act_119,2,05:39.2,05:39.4,0,2,0,1,6,1,parlare ,donna,1,1,1,1,0,0,0,0,0,1,0,0,1,0,0,0,1,LT
119,act_120,2,05:39.4,05:40.5,0,2,0,1,6,1,parlare ,donna,1,1,1,1,0,0,0,0,0,1,0,0,0,0,0,0,1,LT
120,act_121,2,05:40.4,05:41.1,0,2,0,1,6,1,approvare ,donna,1,1,1,0,1,0,0,0,0,1,0,0,0,0,0,0,0,LT
121,act_122,2,05:42.6,05:43.8,0,2,1,1,6,1,domandare,uomo,1,1,1,0,1,0,0,0,0,1,1,0,0,1,0,0,0,LT
122,act_123,2,05:43.7,05:47.0,0,2,0,1,6,1,rispondere,donna,1,1,1,0,1,0,0,0,0,1,1,0,1,0,0,0,0,LT
123,act_124,2,05:47.0,05:49.3,0,2,0,1,6,1,insultare ,uomo,1,1,1,1,1,0,0,0,0,1,1,0,1,0,0,0,0,LT
124,act_125,2,05:49.4,05:52.9,0,2,1,1,6,1,domandare,donna,1,1,1,0,1,0,0,0,0,1,0,0,0,1,0,0,0,LT
125,act_126,2,05:53.6,06:02.7,0,2,0,1,6,1,domandare,uomo,1,1,1,1,1,0,0,0,0,1,0,0,1,0,1,0,0,LT
126,act_127,2,05:56.4,05:58.4,0,4,1,1,10,1,voltarsi ,,1,0,1,0,1,0,0,0,0,1,0,0,0,0,0,0,0,LT
127,act_128,2,05:57.4,06:03.4,1,4,0,1,5,0,camminare,,1,0,1,1,0,0,0,0,0,1,0,0,0,0,0,0,0,LT
128,act_129,2,06:02.7,06:03.1,0,2,0,1,6,1,rispondere,donna,1,1,1,0,1,0,0,0,0,1,0,0,0,0,0,0,0,LT
129,act_130,2,06:03.2,06:04.1,0,2,0,1,6,1,domandare,uomo,1,1,1,0,1,0,0,0,0,1,0,0,1,0,0,0,0,LT
130,act_131,2,06:04.3,06:05.4,0,2,0,1,6,1,rispondere,donna,1,1,1,0,1,0,0,0,0,1,0,0,0,0,0,0,0,LT
131,act_132,2,06:05.5,06:07.8,0,2,0,1,6,1,rispondere ,uomo,1,1,1,1,1,0,0,0,0,1,0,0,0,1,1,0,0,LT
132,act_133,2,06:07.1,06:07.8,1,0,1,1,5,0,sedersi,scrivania,1,0,1,0,1,0,1,0,0,1,0,0,0,0,0,0,0,LT
133,act_134,2,06:06.2,06:08.8,0,0,1,1,2,0,servire,bevanda,1,0,1,0,1,0,1,0,1,1,0,2,0,0,0,0,1,LT
134,act_135,2,06:10.1,06:14.5,0,2,0,1,6,1,domandare,uomo,1,1,1,0,1,0,0,0,0,1,0,0,0,1,0,0,1,LT
135,act_136,2,06:11.7,06:14.6,0,1,0,1,0,1,sistemarsi,ciuffo,1,0,1,1,0,1,0,0,0,1,0,0,0,1,0,0,0,LT
136,act_137,2,06:11.4,06:11.6,0,1,0,1,10,1,voltarsi ,,1,0,1,0,1,0,0,0,0,1,0,0,1,0,0,0,0,LT
137,act_138,2,06:15.8,06:17.6,0,2,0,1,6,1,rispondere,donna,1,1,1,1,0,0,0,0,0,1,0,0,1,0,0,0,1,LT
138,act_139,2,06:17.6,06:17.8,0,2,0,1,6,1,ridere,,1,1,1,1,0,0,0,0,0,1,0,0,1,0,0,0,0,LT
139,act_140,2,06:16.4,06:17.6,0,0,0,1,1,1,appoggiare,specchio,1,0,1,0,1,0,1,0,0,1,0,2,0,0,0,0,0,LT
140,act_141,2,06:18.7,06:18.8,0,2,1,1,7,1,accennare,donna,1,1,1,0,1,0,0,0,0,1,0,0,0,0,0,0,0,LT
141,act_142,2,06:18.8,06:21.1,0,1,1,1,5,1,uscire ,stanza,1,0,1,0,1,0,0,0,0,1,0,0,0,0,0,0,0,LT
142,act_143,2,06:23.1,06:24.9,0,2,0,1,6,1,parlare ,donna,1,1,1,1,0,0,0,0,0,1,0,0,1,0,1,0,0,LT
143,act_144,2,06:25.0,06:28.1,1,0,1,1,5,0,sedersi,sedia,1,0,1,0,1,0,1,0,0,1,0,0,1,0,0,0,0,LT
144,act_145,2,06:28.3,06:30.6,0,2,0,1,6,1,domandare,donna,1,1,1,0,1,0,0,0,0,1,0,0,1,0,0,0,0,LT
145,act_146,2,06:28.7,06:31.1,0,0,1,1,0,1,prendere ,tazza ,1,0,1,0,1,0,1,0,0,1,0,2,0,0,0,0,0,LT
146,act_147,2,06:31.6,06:36.3,0,0,1,1,2,1,versare,bevanda,1,0,1,0,1,0,1,0,1,1,0,2,0,0,0,0,0,LT
147,act_148,2,06:37.2,06:38.7,0,2,0,1,6,1,domandare,donna,1,1,1,0,1,0,0,0,0,1,0,0,0,0,0,0,0,LT
148,act_149,2,06:38.8,06:39.8,0,2,0,1,6,1,rispondere,donna,1,1,1,0,1,0,0,0,0,1,0,0,1,0,0,0,0,LT
149,act_150,2,06:39.9,06:43.8,0,2,0,1,6,1,parlare ,donna,1,1,1,1,0,0,0,0,0,1,0,0,0,0,0,0,0,LT
150,act_151,2,06:39.3,06:42.9,0,0,1,1,1,1,versare,latte,1,0,1,1,0,0,1,0,1,1,0,2,0,0,0,0,0,LT
151,act_152,2,06:43.8,06:46.2,0,2,0,1,6,1,rispondere,donna,1,1,1,1,0,0,0,0,0,1,0,0,1,0,0,0,0,LT
152,act_153,2,06:44.2,06:45.8,0,0,1,1,0,0,mescolare  ,bevanda,1,0,1,1,0,1,1,0,1,1,0,2,0,0,0,0,0,LT
153,act_154,2,06:46.3,06:56.9,0,2,0,1,6,1,parlare ,donna,1,1,1,1,0,0,0,0,0,1,0,0,1,1,0,0,0,LT
154,act_155,2,06:56.2,07:00.2,0,0,1,1,6,0,bere,bevanda,1,1,1,1,0,0,1,0,0,1,0,2,0,0,0,0,0,LT
155,act_156,2,06:57.2,06:59.5,0,2,0,1,6,1,rispondere,donna,1,1,1,1,0,0,0,0,0,1,0,0,0,0,0,0,0,LT
156,act_157,2,06:59.7,07:02.3,0,2,0,1,6,1,domandare,donna,1,1,1,0,1,0,0,0,0,1,0,0,1,0,0,0,0,LT
157,act_158,2,07:02.6,07:08.9,0,2,0,1,6,1,rispondere,donna,1,1,1,1,0,0,0,0,0,1,0,0,0,0,0,0,0,LT
158,act_159,2,07:09.2,07:10.1,0,2,0,1,6,1,parlare ,donna,1,1,1,1,0,0,0,0,0,1,0,0,0,1,0,0,0,LT
159,act_160,2,07:10.4,07:11.6,0,2,0,1,6,1,parlare ,donna,1,1,1,1,0,0,0,0,0,1,1,0,0,1,0,0,0,LT
160,act_161,2,07:11.7,07:20.2,0,2,0,1,6,1,commentare,donna,1,1,1,1,0,0,0,0,0,1,0,0,1,0,0,0,0,LT
161,act_162,2,07:20.4,07:25.6,0,2,0,1,6,1,parlare,donna,1,1,1,1,0,0,0,0,0,1,0,0,1,0,0,0,0,LT
162,act_163,2,07:20.4,07:22.2,0,2,0,1,6,1,ridere,,1,1,1,1,0,0,0,0,0,1,0,0,0,1,0,0,0,LT
163,act_164,2,07:22.7,07:24.2,0,0,0,1,0,0,accendere,sigaretta,1,0,1,0,1,0,1,0,1,1,0,2,0,0,0,0,0,LT
164,act_165,2,07:25.8,07:27.0,0,2,0,1,6,0,esclamare,,1,0,1,0,1,0,0,0,0,1,0,0,0,1,0,1,0,LT
165,act_166,2,07:27.6,07:29.0,0,2,0,1,6,1,parlare,donna,1,1,1,1,0,0,0,0,0,1,0,0,0,0,0,0,0,LT
166,act_167,2,07:29.1,07:29.9,1,0,1,1,5,0,alzarsi,sedia,1,0,1,0,1,0,0,0,0,1,0,0,0,0,0,0,0,LT
167,act_168,2,07:29.6,07:31.1,0,2,0,1,6,1,acconsentire,donna,1,1,1,0,1,0,0,0,0,1,0,0,0,0,0,0,0,LT
168,act_169,2,07:31.9,07:32.6,0,0,1,1,6,0,aspirare,sigaretta,1,0,1,0,0,0,1,0,1,1,0,2,0,0,0,0,0,LT
169,act_170,2,07:31.9,07:32.6,0,2,0,1,6,1,chiamare,uomo,1,1,1,0,1,0,0,0,0,1,0,0,0,0,0,0,0,LT
170,act_171,2,07:32.5,07:36.2,1,1,0,1,5,1,accorrere,donna,1,0,1,1,0,0,0,0,0,1,0,0,1,0,0,0,1,LT
171,act_172,2,07:36.9,07:37.6,0,2,0,1,6,1,chiedere,uomo,1,1,1,0,1,0,0,0,0,1,0,0,0,0,0,0,1,LT
172,act_173,2,07:41.2,07:45.6,0,2,0,1,6,1,ordinare,uomo,1,1,1,0,1,0,0,0,0,1,0,0,1,0,0,0,1,LT
173,act_174,2,07:46.3,07:47.3,0,0,0,1,2,1,passare,disegno,1,1,1,0,1,0,1,2,0,1,0,2,0,0,0,0,1,LT
174,act_175,2,07:46.3,07:47.3,0,0,0,1,0,1,prendere ,disegno,1,1,1,0,1,0,1,2,0,1,0,2,0,0,0,0,1,LT
175,act_176,2,07:47.3,07:50.0,1,0,1,1,5,1,dirigersi,donna,1,0,1,1,1,0,0,0,0,1,0,0,1,0,0,0,1,LT
176,act_177,2,07:50.1,07:50.6,0,0,0,1,2,1,passare,disegno,1,1,1,0,1,0,1,2,0,1,0,2,0,0,0,0,0,LT
177,act_178,2,07:50.6,07:51.4,0,0,0,1,0,1,prendere ,disegno,1,1,1,0,1,0,1,2,0,1,0,2,0,0,0,0,0,LT
178,act_179,2,07:50.6,07:51.2,0,2,0,1,6,1,ringraziare ,uomo,1,1,1,0,1,0,0,0,0,1,0,2,1,0,0,0,0,LT
179,act_180,2,07:48.6,07:49.9,0,0,0,1,0,0,appoggiare,sigaretta,1,0,1,0,1,0,1,0,0,1,0,2,0,0,0,0,0,LT
180,act_181,2,07:51.9,07:53.7,0,2,0,1,6,1,ordinare,uomo,1,1,1,0,1,0,0,0,0,1,0,0,0,1,1,0,0,LT
181,act_182,2,07:55.2,07:56.1,0,1,0,1,10,1,voltarsi ,,1,0,1,0,1,0,0,0,0,1,0,0,0,0,1,0,0,LT
182,act_183,2,07:57.0,08:03.9,0,2,0,1,6,1,parlare,donna,1,1,1,1,0,0,0,0,0,1,0,0,0,1,0,0,0,LT
183,act_184,2,08:01.8,08:03.2,0,0,1,1,0,1,afferrare ,matita,1,0,1,0,1,0,1,0,0,1,0,2,0,1,0,0,0,LT
184,act_185,2,08:04.1,08:04.8,0,2,0,1,7,1,acconsentire,donna,1,1,1,0,1,0,0,0,0,1,0,0,0,1,0,0,0,LT
185,act_186,2,08:05.2,08:24.5,0,0,0,1,0,1,disegnare,vestito,1,0,1,1,0,0,1,0,1,1,0,2,0,1,0,0,0,LT
186,act_187,2,08:08.5,08:09.3,0,2,0,1,6,1,parlare,donna,1,1,1,1,0,0,0,0,0,1,0,0,0,0,0,0,0,LT
187,act_188,2,08:09.5,08:11.5,0,2,0,1,6,1,parlare,donna,1,1,1,1,0,0,0,0,0,1,0,0,1,0,0,0,0,LT
188,act_189,2,08:11.6,08:15.9,0,2,0,1,6,1,parlare,donna,1,1,1,1,0,0,0,0,0,1,0,0,1,1,0,0,0,LT
189,act_190,2,08:16.0,08:24.8,0,2,0,1,6,1,parlare,donna,1,1,1,1,0,0,0,0,0,1,0,0,1,1,0,1,0,LT
190,act_191,2,08:25.2,08:26.3,0,2,0,1,6,1,ordinare,uomo,1,1,1,0,1,0,0,0,0,1,0,0,1,0,0,0,0,LT
191,act_192,2,08:25.6,08:26.2,0,0,0,1,2,1,porgere,disegno,1,1,1,0,1,0,1,2,0,1,0,2,0,0,0,0,0,LT
192,act_193,2,08:26.5,08:27.5,0,0,1,1,0,1,afferrare ,disegno,1,1,1,0,1,0,1,2,0,1,0,2,1,0,0,0,1,LT
193,act_194,2,08:28.0,08:28.4,0,0,1,1,2,1,porgere,disegno,1,1,1,0,1,0,1,2,0,1,0,2,0,0,0,0,0,LT
194,act_195,2,08:28.4,08:28.6,0,0,0,1,0,0,afferrare ,disegno,1,1,1,0,1,0,1,2,0,1,0,2,0,0,0,0,0,LT
195,act_196,2,08:28.9,08:34.4,0,0,0,1,9,0,osservare,disegno,1,1,1,1,0,0,0,0,0,1,0,0,0,1,0,0,0,LT
196,act_197,2,08:34.5,08:37.6,0,2,0,1,6,1,domandare,donna,1,1,1,0,1,0,0,0,0,1,0,0,1,1,0,0,0,LT
197,act_198,2,08:37.7,08:39.0,0,2,0,1,6,1,domandare,donna,1,1,1,0,1,0,0,0,0,1,1,0,1,0,0,0,0,LT
198,act_199,2,08:39.2,08:44.3,0,2,0,1,6,1,rispondere,donna,1,1,1,1,0,0,0,0,0,1,0,0,0,1,0,0,0,LT
199,act_200,2,08:45.0,08:53.1,0,2,0,1,6,1,ridere ,,1,1,1,1,0,0,0,0,0,1,0,0,1,1,0,0,0,LT
200,act_201,1,00:11.6,00:35.6,1,0,0,1,10,1,andare,bicicletta,2,0,1,1,0,0,1,2,0,1,0,2,0,0,0,0,1,LT
201,act_202,1,00:11.6,00:35.6,1,4,0,0,5,1,correre ,,2,0,1,1,0,0,0,2,0,1,0,0,0,0,0,0,1,LT
202,act_203,1,00:10.8,00:28.9,0,3,0,0,9,1,osservare ,cane,2,1,1,1,0,0,0,0,0,1,0,0,0,1,0,0,1,LT
203,act_204,1,00:23.1,00:28.9,0,3,0,0,9,1,osservare ,cane,2,1,1,1,0,0,0,0,0,1,0,0,0,0,0,0,1,LT
204,act_205,1,00:29.2,00:36.4,0,3,0,0,6,1,abbaiare,cane,2,1,1,0,1,0,0,0,0,1,0,0,1,0,0,0,0,LT
205,act_206,1,00:33.1,00:33.7,0,3,0,0,5,1,alzarsi,,2,1,1,0,1,0,0,0,0,1,0,0,0,0,0,0,0,LT
206,act_207,1,00:36.8,00:43.4,1,0,0,1,10,1,andare,bicicletta,2,0,1,1,0,0,1,2,0,1,0,2,0,0,0,0,1,LT
207,act_208,1,00:36.8,00:43.4,1,4,0,0,5,1,correre ,,2,0,1,1,0,0,0,2,0,1,0,2,0,1,0,0,1,LT
208,act_209,1,00:43.6,00:45.4,1,0,0,0,10,1,trascinare,bicicletta,2,0,1,1,0,0,1,1,1,1,0,2,0,1,0,0,0,LT
209,act_210,1,00:43.6,00:45.4,1,3,1,0,5,1,inseguire ,cane,2,0,1,1,0,0,0,0,0,1,0,2,0,1,0,0,1,LT
210,act_211,1,00:45.5,00:49.0,1,0,0,1,10,1,andare,bicicletta,2,0,1,1,0,0,1,2,0,1,0,2,0,0,0,0,1,LT
211,act_212,1,00:45.5,00:49.0,1,4,0,0,5,1,correre ,,2,0,1,1,0,0,0,2,0,1,0,0,0,0,0,0,0,LT
212,act_213,1,00:49.0,00:49.9,1,4,0,1,5,1,passeggiare,,2,0,1,0,0,0,0,0,0,1,0,0,0,0,0,0,1,LT
213,act_214,1,00:49.7,00:59.4,1,0,0,0,10,1,trascinare,bicicletta,2,0,1,1,0,0,1,1,0,1,0,2,0,1,0,0,1,LT
214,act_215,1,00:49.7,00:59.4,1,3,1,0,5,1,inseguire ,cane,2,0,1,1,0,0,0,0,0,1,0,2,0,1,0,0,1,LT
215,act_216,1,00:55.9,00:59.3,0,3,0,1,6,1,urlare,cane,2,1,1,1,0,0,0,0,0,1,0,0,1,0,0,0,1,LT
216,act_217,1,00:59.01,00:59.9,1,4,0,1,10,1,pattinare ,,2,0,1,1,0,0,1,0,0,1,0,2,0,0,0,0,1,LT
217,act_218,1,00:59.9,01:00.8,1,1,0,1,10,1,scansare,bicicletta,2,0,1,0,1,0,0,0,0,1,0,2,1,0,0,0,1,LT
218,act_219,1,00:59.9,01:00.8,1,2,0,1,10,1,spingere,donna,2,1,1,0,1,0,0,0,0,1,0,1,1,0,0,0,1,LT
219,act_220,1,01:01.4,01:01.7,0,3,0,1,6,1,urlare,cane,2,1,1,1,0,0,0,0,0,1,0,0,1,0,0,0,1,LT
220,act_221,1,01:03.8,01:12.6,0,0,0,1,1,1,frenare,bicicletta,2,1,1,1,0,0,1,0,1,1,0,2,0,0,0,0,1,LT
221,act_222,1,01:05.2,01:10.5,1,0,0,0,10,1,trascinare,bicicletta,2,0,1,1,0,0,1,1,0,1,0,2,0,0,0,0,1,LT
222,act_223,1,01:12.2,01:13.7,1,4,0,1,5,1,pattinare ,,2,0,1,1,0,0,1,0,0,1,0,2,0,0,0,0,1,LT
223,act_224,1,01:14.6,01:25.2,1,0,0,0,5,1,scendere,scale,2,0,1,1,0,0,0,0,0,1,0,2,0,0,0,0,1,LT
224,act_225,1,01:12.7,01:31.6,1,0,0,0,10,1,trascinare,bicicletta,2,0,1,1,0,0,1,1,0,1,0,2,0,1,0,0,1,LT
225,act_226,1,01:27.3,01:28.3,1,1,0,1,5,1,evitare,bicicletta,2,0,1,0,1,0,0,1,0,1,0,2,0,0,0,0,1,LT
226,act_227,1,01:28.9,01:29.8,0,3,0,1,6,1,urlare,cane,2,1,1,1,0,0,0,0,0,1,0,0,1,0,0,0,1,LT
227,act_228,1,01:31.6,01:33.9,1,4,0,0,5,1,correre ,,2,0,1,1,0,0,0,0,0,1,0,0,0,0,0,0,1,LT
228,act_229,1,01:34.3,01:35.0,0,3,0,1,6,1,urlare,cane,2,1,1,1,0,0,0,0,0,1,0,0,1,0,0,0,1,LT
229,act_230,1,01:35.5,01:39.2,0,0,0,1,12,1,frenare,bicicletta,2,1,1,1,0,0,1,0,1,1,0,2,0,0,0,0,1,LT
230,act_231,1,01:47.0,01:47.8,1,4,0,0,5,1,correre ,,2,0,1,1,0,0,0,0,0,1,0,0,0,1,0,0,1,LT
231,act_232,1,01:48.2,01:49.7,1,0,0,1,10,1,trasportare ,bicicletta,2,0,1,1,0,0,1,0,0,0,0,2,0,0,0,0,1,LT
232,act_233,1,01:47.4,01:48.4,0,3,0,1,6,1,parlare,cane,2,1,1,1,0,0,0,0,0,0,0,0,0,0,0,0,1,LT
233,act_234,1,01:49.6,01:50.6,0,0,1,1,4,1,abbassare,cavalletto ,2,0,1,0,1,0,1,0,1,0,0,2,0,0,0,0,1,LT
234,act_235,1,01:51.0,01:52.1,0,2,0,0,6,1,guaire,donna,2,1,1,1,0,0,0,0,0,0,0,0,1,0,0,0,1,LT
235,act_236,1,01:52.1,01:52.8,0,3,0,1,6,1,rispondere,cane,2,1,1,1,0,0,0,0,0,0,0,0,0,0,0,0,1,LT
236,act_237,1,01:52.9,01:53.6,0,0,0,1,2,1,lanciare,pallina,2,0,1,0,1,0,1,2,0,0,0,2,0,0,0,0,1,LT
237,act_238,1,01:53.5,01:55.0,1,0,1,0,5,1,rincorrere,pallina,2,0,1,1,0,0,1,2,0,0,0,0,0,0,0,0,1,LT
238,act_239,1,01:54.9,01:55.5,0,0,1,0,6,1,afferrare ,pallina,2,0,1,0,1,0,1,2,0,0,0,2,0,0,0,0,0,LT
239,act_240,1,01:53.3,02:01.7,0,3,0,1,6,1,parlare,cane,2,1,1,1,0,0,0,0,0,0,0,0,0,0,0,0,1,LT
240,act_241,1,01:56.9,02:01.7,1,2,1,0,5,1,riportare ,pallina,2,1,1,1,0,0,1,2,0,0,0,2,0,0,0,0,1,LT
241,act_242,1,02:00.6,02:01.0,0,1,0,0,10,1,accovacciarsi,,2,0,1,0,0,0,0,0,0,0,0,0,0,0,0,0,1,LT
242,act_243,1,02:03.3,02:04.1,0,3,0,0,6,1,guaire,cane,2,1,1,1,0,0,0,0,0,0,0,0,1,0,0,0,1,LT
243,act_244,1,02:04.5,02:06.1,0,3,0,1,1,1,accarezzare,cane,2,1,1,1,0,0,0,0,0,0,0,1,0,0,0,0,0,LT
244,act_245,1,01:54.9,01:55.5,0,0,1,1,1,1,afferrare ,pallina,2,0,1,0,1,0,1,0,0,0,0,2,0,0,0,0,0,LT
245,act_246,1,02:04.3,02:06.1,0,3,0,1,6,1,parlare,cane,2,1,1,1,0,0,0,0,0,0,0,0,0,0,0,0,0,LT
246,act_247,1,02:06.2,02:18.6,1,0,0,1,10,1,andare,bicicletta,2,0,1,1,0,0,1,0,0,1,0,2,0,1,0,0,1,LT
247,act_248,1,02:13.1,02:14.1,0,3,0,1,6,1,chiamare,cane,2,1,1,1,0,0,0,0,0,1,0,0,1,0,0,0,1,LT
248,act_249,1,02:18.1,02:20.0,0,0,0,1,1,1,frenare,bicicletta,2,1,1,1,0,0,1,0,1,1,0,2,0,0,0,0,1,LT
249,act_250,1,02:21.2,02:21.4,0,0,0,1,2,1,lanciare,pallina,2,0,1,0,1,0,1,2,0,1,0,2,0,0,0,0,1,LT
250,act_251,1,02:21.3,02:22.5,1,0,1,0,5,1,rincorrere,pallina,2,0,1,1,0,0,1,2,0,1,0,0,0,0,0,0,1,LT
251,act_252,1,02:22.6,02:23.1,0,0,1,0,6,1,afferrare ,pallina,2,0,1,0,1,0,1,2,0,1,0,2,0,0,0,0,1,LT
252,act_253,1,02:25.6,02:26.9,0,0,1,1,10,1,scendere ,bicicletta ,2,0,1,0,1,0,1,0,0,1,0,2,1,0,0,0,1,LT
253,act_254,1,02:27.7,02:28.3,0,0,1,1,4,1,abbassare,cavalletto ,2,0,1,0,1,0,1,0,1,1,0,2,1,0,0,0,1,LT
254,act_255,1,02:28.8,02:29.2,0,0,0,1,4,1,calciare,cavalletto ,2,0,1,0,1,0,1,0,0,1,0,2,1,0,1,0,1,LT
255,act_256,1,02:32.6,02:33.0,0,0,0,1,2,1,lanciare,pallina,2,0,1,0,1,0,1,2,0,0,0,2,0,0,0,0,1,LT
256,act_257,1,02:32.3,02:34.4,1,0,1,0,5,1,rincorrere,pallina,2,0,1,1,0,0,1,2,0,0,0,0,0,0,0,0,1,LT
257,act_258,1,02:34.6,02:36.4,0,2,0,0,6,1,abbaiare,donna,2,1,1,1,0,0,0,0,0,0,0,0,0,0,0,0,0,LT
258,act_259,1,02:36.4,02:36.9,0,1,0,1,10,1,voltarsi ,,2,0,1,0,1,0,0,0,0,1,0,0,0,0,0,0,1,LT
259,act_260,1,02:36.9,02:40.7,1,3,0,1,5,1,avvicinarsi,cane,2,1,1,1,0,0,0,0,0,1,0,0,0,0,0,0,0,LT
260,act_261,1,02:39.1,02:42.0,0,3,0,1,6,1,parlare,cane,2,1,1,1,0,0,0,0,0,0,0,2,1,0,0,0,0,LT
261,act_262,1,02:41.5,02:44.0,0,3,0,1,1,1,accarezzare,cane,2,1,1,1,0,1,0,1,0,1,0,1,0,0,0,0,1,LT
262,act_263,1,02:41.8,02:42.5,0,2,0,0,4,1,aggrapparsi,donna,2,1,1,0,0,0,0,1,0,1,0,1,0,0,0,0,0,LT
263,act_264,1,02:44.1,02:45.5,1,4,0,0,5,1,correre ,,2,0,1,1,0,0,0,0,0,1,0,0,0,0,0,0,0,LT
264,act_265,1,02:46.8,02:50.0,1,0,1,1,3,0,spostare,bicicletta,2,0,1,1,0,0,1,0,0,1,0,2,1,0,0,0,0,LT
265,act_266,1,02:50.3,02:51.4,0,0,1,1,0,1,stringere ,guinzaglio,2,0,1,1,0,0,1,0,0,1,0,2,1,0,0,0,0,LT
266,act_267,1,02:53.6,02:57.4,1,3,1,1,5,1,inseguire ,cane,2,0,1,1,0,0,0,0,0,1,0,0,0,0,0,0,0,LT
267,act_268,1,02:57.4,02:58.7,1,3,1,1,10,1,afferrare ,cane,2,0,1,0,1,0,0,1,0,1,0,1,0,0,0,0,0,LT
268,act_269,1,02:58.7,03:00.9,1,2,0,0,10,1,dibattersi,,2,1,1,1,0,0,0,1,0,1,0,1,1,0,0,0,0,LT
269,act_270,1,02:58.9,03:01.3,1,3,1,1,6,1,lottare ,cane,2,1,1,1,0,0,0,1,0,1,0,1,1,0,0,0,0,LT
270,act_271,1,03:01.2,03:07.1,0,3,0,1,6,1,parlare,cane,2,1,1,1,0,0,0,0,0,1,0,0,1,0,0,0,0,LT
271,act_272,1,02:58.4,03:02.5,0,2,0,0,6,1,guaire,uomo,2,1,1,1,0,0,0,0,0,1,0,2,1,0,0,0,0,LT
272,act_273,1,03:05.3,03:06.4,0,0,1,1,1,1,legare,guinzaglio,2,1,1,0,1,0,1,0,0,1,0,1,1,0,0,0,0,LT
273,act_274,1,03:06.6,03:07.1,1,0,0,0,10,1,strattonare,guinzaglio,2,0,1,1,0,0,1,0,0,1,0,2,1,0,0,0,0,LT
274,act_275,1,03:07.2,03:08.6,0,2,0,1,6,1,urlare,uomo,2,1,1,1,0,0,0,0,0,1,0,0,1,0,0,0,0,LT
275,act_276,1,03:09.3,03:09.9,0,2,0,1,6,1,rispondere,donna,2,1,1,1,0,0,0,0,0,1,0,0,1,0,1,0,0,LT
276,act_277,1,03:10.1,03:12.1,0,2,0,1,6,1,minacciare,uomo,2,1,1,1,0,0,0,0,0,1,0,0,0,1,0,0,0,LT
277,act_278,1,03:09.4,03:10.0,0,0,1,1,1,1,afferrare ,borsa,2,0,1,0,1,0,1,0,0,1,0,2,1,0,0,0,0,LT
278,act_279,1,03:12.6,03:14.4,0,2,0,1,6,1,rispondere,donna,2,1,1,1,0,0,0,0,0,1,0,0,1,0,0,0,0,LT
279,act_280,1,03:14.6,03:16.8,0,2,0,1,6,1,parlare,uomo,2,1,1,1,0,0,0,0,0,1,0,0,1,0,0,0,0,LT
280,act_281,1,03:17.1,03:17.7,0,2,0,1,6,1,rispondere,donna,2,1,1,1,0,0,0,0,0,1,0,0,1,0,0,0,0,LT
281,act_282,1,03:18.0,03:19.4,0,2,0,1,6,1,minacciare,uomo,2,1,1,1,0,0,0,0,0,1,0,0,1,0,0,0,0,LT
282,act_283,1,03:19.5,03:20.2,0,2,0,1,6,1,rispondere,donna,2,1,1,1,0,0,0,0,0,1,0,0,1,0,0,0,0,LT
283,act_284,1,03:19.6,03:20.2,0,1,0,1,10,0,voltarsi ,,2,0,1,0,1,0,0,0,0,1,0,0,0,0,0,0,0,LT
284,act_285,1,03:20.1,03:20.5,1,2,0,1,2,1,picchiare,uomo,2,1,1,1,0,0,1,0,1,1,0,1,1,0,0,0,0,LT
285,act_286,1,03:22.9,03:25.0,0,2,0,1,6,1,minacciare,uomo,2,1,1,1,0,0,0,0,0,1,0,0,1,0,0,0,0,LT
286,act_287,1,03:24.8,03:25.7,0,1,0,1,2,0,sollevarsi,,2,0,1,0,1,0,0,0,0,1,0,0,0,0,0,0,0,LT
287,act_288,1,03:25.8,03:26.2,0,1,0,1,7,1,scuotersi,,2,0,1,0,0,0,0,0,0,1,0,0,0,0,0,0,0,LT
288,act_289,1,03:28.5,03:29.2,0,2,0,1,6,1,domandare,donna,2,1,1,0,1,0,0,0,0,1,1,0,0,0,0,0,0,LT
289,act_290,1,03:29.3,03:31.6,0,2,0,1,6,1,rispondere,uomo,2,1,1,1,0,0,0,0,0,1,0,0,1,0,0,0,1,LT
290,act_291,1,03:33.3,03:34.7,0,3,0,1,6,1,parlare,cane,2,1,1,1,0,0,0,0,0,1,0,0,0,0,0,0,0,LT
291,act_292,1,03:34.8,03:36.4,0,3,0,1,2,1,sollevare ,zampe,2,0,1,0,1,0,0,1,0,1,0,1,0,1,0,0,0,LT
292,act_293,1,03:36.3,03:38.1,0,1,0,0,4,1,coprirsi ,occhi,2,0,1,1,0,0,0,0,0,1,0,0,0,1,1,0,0,LT
293,act_294,1,03:40.3,03:41.3,0,2,0,1,6,1,parlare,donna,2,1,1,1,0,0,0,0,0,1,0,0,0,0,0,0,0,LT
294,act_295,1,03:41.5,03:42.2,0,2,0,1,7,1,assentire,,2,1,1,0,1,0,0,0,0,1,0,0,0,0,0,0,0,LT
295,act_296,1,03:42.5,03:42.9,0,0,0,1,3,1,indossare ,borsetta,2,0,1,0,1,0,1,0,0,1,0,2,0,0,0,0,1,LT
296,act_297,1,03:43.1,03:44.6,0,2,0,0,6,1,guaire,donna,2,1,1,1,0,0,0,0,0,1,0,0,1,0,0,0,0,LT
297,act_298,1,03:46.1,03:48.1,0,4,0,0,10,1,nascondersi ,,2,0,1,1,1,0,0,0,0,1,0,0,0,0,0,0,0,LT
298,act_299,1,03:49.1,03:50.2,0,3,0,1,6,1,parlare,cane,2,1,1,1,0,0,0,0,0,1,0,0,1,0,0,0,0,LT
299,act_300,1,03:52.0,03:52.5,0,2,0,0,6,1,guaire,uomo,2,1,1,1,0,0,0,0,0,1,0,2,1,0,0,0,1,LT
300,act_301,1,03:55.0,04:00.0,0,0,1,1,1,1,legare,guinzaglio,2,1,1,0,1,0,1,0,1,1,0,2,0,0,0,0,1,LT
301,act_302,1,03:56.5,04:00.5,0,2,0,1,6,1,parlare,donna,2,1,1,1,0,0,0,0,0,1,0,0,0,0,0,0,1,LT
302,act_303,1,04:00.6,04:08.6,0,0,1,1,1,1,legare,guinzaglio,2,1,1,0,1,0,1,0,1,1,0,0,0,0,0,0,0,LT
303,act_304,1,04:00.6,04:07.0,0,2,0,1,6,1,parlare,uomo,2,1,1,1,0,0,0,0,0,1,0,0,0,0,0,0,1,LT
304,act_305,1,04:07.0,04:08.9,0,2,0,1,6,1,domandare,donna,2,1,1,0,1,0,0,0,0,1,0,0,0,0,0,0,1,LT
305,act_306,1,04:09.0,04:09.7,0,2,0,1,6,1,rispondere,uomo,2,1,1,1,0,0,0,0,0,1,0,0,0,0,0,0,1,LT
306,act_307,1,04:09.9,04:11.8,0,2,0,1,6,1,parlare,donna,2,1,1,1,0,0,0,0,0,1,0,0,0,0,0,0,0,LT
307,act_308,1,04:11.8,04:13.8,0,2,0,1,6,1,domandare,uomo,2,1,1,0,1,0,0,0,0,1,0,0,0,0,0,0,0,LT
308,act_309,1,04:15.0,04:16.6,0,2,0,1,6,1,rispondere,donna,2,1,1,1,0,0,0,0,0,1,0,0,0,0,0,0,0,LT
309,act_310,1,04:16.8,04:19.0,0,2,0,1,6,1,parlare,uomo,2,1,1,1,0,0,0,0,0,1,0,0,0,0,0,0,1,LT
310,act_311,1,04:18.9,04:20.7,0,2,0,1,6,1,assentire ,donna ,2,1,1,0,1,0,0,0,0,1,0,0,0,0,0,0,0,LT
311,act_312,1,04:21.6,04:24.1,0,2,0,1,6,1,parlare,uomo,2,1,1,1,0,0,0,0,0,1,0,0,0,0,0,0,1,LT
312,act_313,1,04:24.2,04:27.0,0,2,0,1,6,1,parlare,donna,2,1,1,1,0,0,0,0,0,1,0,0,1,0,0,0,1,LT
313,act_314,1,04:25.8,04:26.5,0,0,0,1,2,1,indicare ,ghiaia,2,0,1,1,0,0,0,0,0,1,0,0,0,0,0,0,0,LT
314,act_315,1,04:27.1,04:34.9,0,2,0,1,6,1,parlare,uomo,2,1,1,1,0,0,0,0,0,1,0,0,1,0,0,0,1,LT
315,act_316,1,04:35.1,04:44.7,0,2,0,1,6,1,parlare,donna,2,1,1,1,0,0,0,0,0,1,0,0,0,1,0,0,1,LT
316,act_317,1,04:44.2,04:45.6,0,2,0,1,6,1,ridere ,,2,1,1,1,0,0,0,0,0,1,0,0,1,0,0,0,1,LT
317,act_318,1,04:45.2,04:47.8,0,2,0,1,6,1,salutare,donna,2,1,1,0,1,0,0,0,0,1,0,0,0,1,0,0,1,LT
318,act_319,1,04:46.4,04:47.7,0,2,0,1,0,1,porgere,mano,2,1,1,0,1,0,0,2,0,1,0,1,0,0,1,0,1,LT
319,act_320,1,04:47.6,04:49.0,0,2,0,1,0,1,stringere ,mano,2,1,1,0,1,0,0,2,0,1,0,1,0,0,1,0,1,LT
320,act_321,1,04:47.8,04:49.1,0,2,0,1,6,1,presentarsi,,2,1,1,1,1,0,0,1,0,1,0,1,0,0,0,0,1,LT
321,act_322,1,04:49.1,04:49.5,0,2,0,1,6,1,parlare,donna,2,1,1,1,0,0,0,0,0,1,0,1,0,0,0,0,1,LT
322,act_323,1,04:49.4,04:52.8,0,2,0,1,6,1,parlare,uomo,2,1,1,1,0,0,0,0,0,1,0,0,0,0,0,0,1,LT
323,act_324,1,04:53.5,04:58.2,0,2,0,1,6,1,parlare,donna,2,1,1,1,0,0,0,0,0,1,0,0,0,0,0,0,0,LT
324,act_325,1,04:58.3,05:02.6,0,2,0,1,6,1,parlare,uomo,2,1,1,1,0,0,0,0,0,1,0,0,0,1,0,0,0,LT
325,act_326,1,05:03.6,05:03.9,0,2,0,1,6,1,parlare,donna,2,1,1,1,0,0,0,0,0,1,0,0,0,1,0,0,1,LT
326,act_327,1,05:04.8,05:05.0,0,3,0,0,6,1,abbaiare,cane,2,1,1,1,0,0,0,0,0,0,0,0,1,0,0,0,0,LT
327,act_328,1,05:05.6,05:06.4,0,3,0,0,4,1,toccare ,muso,2,1,1,1,1,0,0,0,0,0,0,0,1,0,0,0,0,LT
328,act_329,1,05:05.6,05:06.5,0,3,0,0,6,1,guaire,cane,2,1,1,1,0,0,0,0,0,0,0,0,1,0,0,0,0,LT
329,act_330,1,05:06.5,05:08.0,0,3,0,0,4,1,toccare ,muso,2,1,1,1,1,0,0,0,0,0,0,0,1,0,0,0,0,LT
330,act_331,1,05:08.3,05:11.9,0,2,0,1,6,1,parlare,donna,2,1,1,1,0,0,0,0,0,1,0,0,0,1,0,0,0,LT
331,act_332,1,05:12.3,05:12.6,0,2,0,1,6,1,parlare,uomo,2,1,1,1,0,0,0,0,0,1,0,0,0,1,0,0,0,LT
332,act_333,1,05:16.7,05:19.2,0,3,0,0,10,1,accoccolarsi,cane,2,1,1,0,1,0,0,2,0,0,0,0,1,0,0,0,0,LT
333,act_334,1,05:20.0,05:26.8,0,3,0,1,6,1,parlare,cane,2,1,1,1,0,0,0,0,0,1,0,0,0,0,0,0,1,LT
334,act_335,1,05:23.0,05:25.2,0,0,1,1,13,1,oltrepassare ,guinzaglio,2,1,1,0,1,0,1,0,0,1,0,2,0,0,0,0,0,LT
335,act_336,1,05:27.9,05:31.1,0,2,0,1,6,1,domandare,uomo,2,1,1,0,1,0,0,0,0,1,0,0,1,0,0,0,1,LT
336,act_337,1,05:31.1,05:32.7,0,2,0,1,6,1,rispondere,donna,2,1,1,1,0,0,0,0,0,1,0,0,1,0,0,1,1,LT
337,act_338,1,05:31.1,05:32.7,1,4,1,1,5,1,camminare,,2,0,1,1,0,0,0,0,0,1,0,0,0,0,0,0,1,LT
338,act_339,1,05:33.1,05:35.9,0,2,0,1,6,1,parlare,uomo,2,1,1,1,0,0,0,0,0,1,0,0,0,1,0,0,0,LT
339,act_340,1,05:36.4,05:41.3,1,0,1,1,3,0,spostare,bicicletta,2,0,1,1,0,0,1,0,0,1,0,2,0,0,0,0,0,LT
340,act_341,1,05:36.2,05:42.3,0,3,0,1,6,1,parlare,cane,2,1,1,1,0,0,0,0,0,1,0,2,1,0,0,0,0,LT
341,act_342,1,05:38.5,05:40.0,0,2,0,0,6,1,guaire,uomo,2,1,1,1,0,0,0,0,0,0,0,0,1,0,0,0,0,LT
342,act_343,1,05:41.5,05:42.3,1,0,0,1,4,0,salire,bicicletta,2,0,1,0,1,0,1,0,0,1,0,2,0,0,0,0,0,LT
343,act_344,1,05:43.8,05:44.9,0,3,0,0,6,1,abbaiare,cane,2,1,1,1,0,0,0,0,0,1,0,0,0,0,0,0,0,LT
344,act_345,1,05:45.4,05:46.2,0,3,0,0,6,1,abbaiare,cane,2,1,1,1,0,0,0,0,0,1,0,0,0,0,0,0,0,LT
345,act_346,1,05:40.2,05:42.3,0,3,0,1,6,1,parlare,cane,2,1,1,1,0,0,0,0,0,1,0,0,0,0,0,0,1,LT
346,act_347,1,05:41.5,05:42.3,1,0,0,1,5,1,partire,bicicletta,2,0,1,0,1,0,1,0,0,1,0,2,0,0,0,0,0,LT
347,act_348,1,05:51.5,05:53.6,0,3,0,1,6,1,parlare,cane,2,1,1,1,0,0,0,0,0,1,0,0,0,0,0,0,0,LT
348,act_349,1,05:54.0,05:55.1,0,2,0,0,6,1,abbaiare,donna,2,1,1,1,0,0,0,0,0,0,0,0,0,0,0,0,0,LT
349,act_350,1,05:55.1,05:58.2,1,0,0,1,10,1,andare,bicicletta,2,0,1,1,0,0,1,0,0,1,0,0,0,0,0,0,1,LT
350,act_351,1,05:57.6,06:01.0,0,3,0,1,6,1,parlare,cane,2,1,1,1,0,0,0,0,0,1,0,0,0,0,0,0,1,LT
351,act_352,1,06:01.5,06:02.5,0,1,0,0,7,1,fissare,,2,0,1,0,1,0,0,0,0,0,0,0,0,0,0,0,1,LT
352,act_353,1,06:02.7,06:08.4,1,0,0,1,10,1,andare,bicicletta,2,0,1,1,0,0,1,2,0,1,0,2,0,0,0,0,1,LT
353,act_354,1,06:02.7,06:08.4,1,4,0,0,5,1,correre ,,2,0,1,1,0,0,0,2,0,1,0,0,0,0,0,0,1,LT
354,act_355,1,06:05.0,06:06.7,0,1,0,1,7,1,voltarsi ,,2,0,1,0,1,0,0,0,0,1,0,0,0,0,0,0,1,LT
355,act_356,1,06:08.9,06:09.1,0,3,0,1,6,1,parlare,cane,2,1,1,1,0,0,0,0,0,0,0,0,0,0,0,0,0,LT
356,act_357,1,06:10.5,06:12.4,1,0,1,1,5,1,attraversare,strada,2,0,1,1,1,0,0,0,0,1,0,2,0,0,0,0,1,LT
357,act_358,1,06:13.1,06:13.3,0,2,0,1,6,0,urlare,uomo,2,1,1,1,0,0,0,0,0,1,0,0,1,0,0,0,1,LT
358,act_359,1,06:13.6,06:14.6,0,2,0,1,6,0,scusarsi ,uomo,2,1,1,1,0,0,0,0,0,1,0,0,0,0,0,0,1,LT
359,act_360,1,06:13.7,06:15.4,1,4,0,1,5,1,passeggiare,,2,0,1,0,0,0,0,1,0,1,0,0,0,0,0,0,0,LT
360,act_361,1,06:15.4,06:19.8,1,2,1,1,3,1,dirigere,banda,2,1,1,1,0,0,0,2,0,1,0,0,0,0,0,0,1,LT
361,act_362,1,06:15.4,06:18.6,1,0,0,1,5,1,girare,palco,2,0,1,1,0,0,0,0,0,1,0,2,0,1,0,0,1,LT
362,act_363,1,06:20.4,06:22.7,0,0,0,1,5,1,suonare ,flauto ,2,0,1,1,0,0,1,2,1,1,0,2,0,0,0,0,1,LT
363,act_364,1,06:18.6,06:22.6,1,0,0,1,5,1,girare,palco,2,0,1,1,0,0,0,2,0,1,0,2,0,1,0,0,1,LT
364,act_365,1,06:22.8,06:25.7,1,4,0,0,5,1,correre ,,2,0,1,1,0,0,0,2,0,0,0,0,0,0,0,0,1,LT
365,act_366,1,06:24.0,06:24.5,0,2,0,0,6,1,abbaiare,uomo,2,1,1,1,0,0,0,0,0,0,0,0,0,0,0,0,1,LT
366,act_367,1,06:25.9,06:33.8,1,0,0,1,10,1,andare,bicicletta,2,0,1,1,0,0,1,2,0,1,0,2,0,1,0,0,1,LT
367,act_368,1,06:25.9,06:28.3,1,4,0,0,5,1,correre ,,2,0,1,1,0,0,1,2,0,1,0,0,0,0,0,0,1,LT
368,act_369,1,06:28.4,06:31.2,0,2,0,1,7,1,cercare ,uomo,2,0,1,1,0,0,0,0,0,1,0,0,0,0,0,0,1,LT
369,act_370,1,06:31.2,06:33.8,1,4,0,0,5,1,correre ,,2,0,1,1,0,0,0,2,0,0,0,0,0,0,0,0,1,LT
370,act_371,1,06:35.4,06:36.3,0,2,0,0,6,1,abbaiare,uomo,2,1,1,1,0,0,0,0,0,0,0,0,0,0,0,0,1,LT
371,act_372,1,06:33.9,06:47.0,1,0,0,1,10,1,andare,bicicletta,2,0,1,1,0,0,1,2,0,1,0,2,0,0,0,0,1,LT
372,act_373,1,06:36.4,06:44.0,0,3,0,1,6,1,parlare,cane,2,1,1,1,0,0,0,0,0,1,0,0,1,0,0,0,1,LT
373,act_374,1,06:47.6,06:51.2,1,0,0,1,10,1,andare,bicicletta,2,0,1,1,0,0,1,2,0,1,0,0,0,0,0,0,1,LT
374,act_375,1,06:51.3,06:53.2,1,0,0,1,10,1,andare,bicicletta,2,0,1,1,0,0,1,2,0,1,0,2,0,0,0,0,1,LT
375,act_376,1,06:51.3,06:53.2,1,4,0,0,5,1,correre ,,2,0,1,1,0,0,0,2,0,1,0,0,0,0,0,0,1,LT
376,act_377,1,06:53.6,06:58.2,1,0,0,0,10,1,trascinare,bicicletta,2,0,1,1,0,0,1,1,0,1,0,2,1,0,0,0,1,LT
377,act_378,1,06:54.4,06:58.2,0,0,0,1,12,1,frenare,bicicletta,2,1,1,1,0,0,1,0,0,1,0,2,0,0,0,0,0,LT
378,act_379,1,06:58.5,07:03.6,1,0,0,1,10,1,andare,bicicletta,2,0,1,1,0,0,1,2,0,1,0,2,0,0,0,0,1,LT
379,act_380,1,06:58.5,07:03.6,1,4,0,0,5,1,correre ,,2,0,1,1,0,0,0,2,0,1,0,0,0,0,0,0,1,LT
380,act_381,1,07:03.6,07:11.6,1,0,0,0,10,1,trascinare,bicicletta,2,0,1,1,0,0,1,1,0,1,0,0,0,0,0,0,1,LT
381,act_382,1,07:08.2,07:09.8,1,1,0,1,5,1,evitare,bicicletta,2,0,1,0,1,0,0,1,0,1,0,0,0,0,0,0,1,LT
382,act_383,1,07:09.9,07:11.6,0,3,0,1,6,1,urlare,cane,2,1,1,1,0,0,0,0,0,1,0,0,1,0,0,0,1,LT
383,act_384,1,07:11.9,07:12.9,0,0,0,1,5,1,fermare,bicicletta,2,1,1,0,1,0,1,0,0,1,0,2,0,0,0,0,1,LT
384,act_385,1,07:13.2,07:15.5,1,0,0,0,10,1,trascinare,bicicletta,2,0,1,1,0,0,1,1,0,1,0,0,0,0,0,0,1,LT
385,act_386,1,07:15.7,07:16.8,1,4,0,0,5,1,correre ,,2,0,1,1,0,0,0,0,0,1,0,0,0,0,0,0,0,LT
386,act_387,1,07:17.2,07:18.1,0,3,0,1,6,1,urlare,donna,2,1,1,1,0,0,0,0,0,1,0,0,1,0,0,0,1,LT
387,act_388,1,07:22.7,07:24.3,0,1,0,1,10,1,emergere,acqua,2,0,1,0,1,0,0,0,0,1,0,0,1,0,0,0,0,LT
388,act_389,2,00:09.1,00:14.6,0,2,0,1,6,1,parlare,uomo,3,1,1,1,0,0,0,0,0,1,0,0,0,1,0,0,0,LT
389,act_390,2,00:14.8,00:25.3,0,2,0,1,6,1,parlare,donna,3,1,1,1,0,0,0,0,0,1,0,0,0,1,0,0,0,LT
390,act_391,2,00:15.9,00:20.5,0,3,0,0,8,1,leccare,muso,3,1,1,1,0,0,0,0,0,1,0,1,1,0,0,0,0,LT
391,act_392,2,00:25.8,00:26.9,0,2,0,1,6,1,scusarsi ,uomo,3,1,1,1,0,0,0,0,0,1,0,0,0,0,0,0,0,LT
392,act_393,2,00:24.0,00:28.4,0,0,1,1,3,1,bere,bevanda,3,0,1,1,0,0,1,0,0,1,0,2,0,0,0,0,0,LT
393,act_394,2,00:26.9,00:28.9,0,2,0,1,6,1,parlare,donna,3,1,1,1,0,0,0,0,0,1,0,0,0,0,0,0,0,LT
394,act_395,2,00:27.7,00:31.1,0,0,1,1,2,1,bere,bevanda,3,0,1,1,0,0,1,0,0,1,0,2,0,0,0,0,0,LT
395,act_396,2,00:30.7,00:32.6,0,2,0,1,6,1,scusarsi ,uomo,3,1,1,1,0,0,0,0,0,1,0,0,0,0,0,0,0,LT
396,act_397,2,00:32.9,00:33.4,0,2,0,1,6,1,ringraziare ,donna,3,1,1,0,0,0,0,0,0,1,0,0,0,0,0,0,0,LT
397,act_398,2,00:35.1,00:37.6,1,0,0,1,2,1,appoggiare,scaldino,3,0,1,0,1,0,1,0,0,1,0,2,0,0,0,0,0,LT
398,act_399,2,00:38.2,00:39.6,0,2,0,1,7,1,accennare,donna,3,1,1,0,1,0,0,0,0,1,0,0,0,0,1,0,0,LT
399,act_400,2,00:40.1,00:42.5,0,3,0,0,8,1,leccare,muso,3,1,1,1,0,0,0,0,0,0,0,1,1,0,0,0,0,LT
400,act_401,2,00:45.3,00:52.1,0,2,0,1,6,1,parlare,donna,3,1,1,1,0,0,0,0,0,1,0,0,1,1,0,0,0,LT
401,act_402,2,00:54.2,00:57.5,0,3,0,0,7,1,coccolare ,cane,3,1,1,1,0,0,0,0,0,0,0,0,1,0,0,0,0,LT
402,act_403,2,00:56.2,00:57.8,0,2,0,1,6,1,parlare,uomo,3,1,1,1,0,0,0,0,0,0,0,0,0,1,0,0,0,LT
403,act_404,2,00:58.5,00:59.7,0,2,0,1,6,1,domandare,uomo,3,1,1,0,1,0,0,0,0,1,0,0,0,1,0,0,0,LT
404,act_405,2,01:00.7,01:03.0,0,0,1,1,2,1,bere,bevanda,3,0,1,1,0,0,1,0,0,1,0,2,0,0,0,0,0,LT
405,act_406,2,01:00.6,01:03.1,0,2,0,1,6,1,parlare,donna,3,1,1,1,0,0,0,0,0,1,0,0,1,0,0,0,0,LT
406,act_407,2,01:03.0,01:04.5,0,2,0,0,10,1,sollevarsi,uomo,3,1,1,0,1,0,0,2,0,1,0,0,1,0,0,0,0,LT
407,act_408,2,01:04.5,01:07.8,0,2,0,1,6,1,parlare,uomo,3,1,1,1,0,0,0,0,0,1,0,0,0,1,0,0,0,LT
408,act_409,2,01:07.9,01:09.9,0,2,0,1,6,1,parlare,donna,3,1,1,1,0,0,0,0,0,1,0,0,0,0,0,0,0,LT
409,act_410,2,01:09.3,01:12.1,0,0,1,1,2,1, bere,bevanda,3,0,1,1,0,0,1,0,0,1,0,2,0,0,0,0,0,LT
410,act_411,2,01:13.8,01:15.0,0,0,0,1,2,1,spostare,tazza,3,0,1,0,1,0,1,0,0,1,0,2,0,0,0,0,0,LT
411,act_412,2,01:11.1,01:12.6,0,2,0,1,6,1,parlare,uomo,3,1,1,1,0,0,0,0,0,1,0,0,0,0,0,0,0,LT
412,act_413,2,01:13.3,01:14.0,0,2,0,1,6,1,parlare,donna,3,1,1,1,0,0,0,0,0,1,0,0,0,0,0,0,0,LT
413,act_414,2,01:15.5,01:16.9,0,2,0,1,6,1,domandare,donna,3,1,1,0,1,0,0,0,0,1,0,0,0,1,0,0,0,LT
414,act_415,2,01:17.2,01:17.7,0,2,0,1,6,1,domandare,uomo,3,1,1,0,1,0,0,0,0,1,0,0,0,0,0,0,0,LT
415,act_416,2,01:17.9,01:19.5,0,2,0,1,6,1,correggersi,donna,3,1,1,1,0,0,0,0,0,1,0,0,1,0,0,0,0,LT
416,act_417,2,01:20.2,01:20.9,0,2,0,1,6,1,parlare,uomo,3,1,1,1,0,0,0,0,0,1,0,0,0,0,0,0,0,LT
417,act_418,2,01:21.0,01:22.6,0,2,0,1,6,1,domandare,donna,3,1,1,0,1,0,0,0,0,1,0,0,0,0,0,0,0,LT
418,act_419,2,01:22.7,01:23.5,0,2,0,1,6,1,rispondere,uomo,3,1,1,1,0,0,0,0,0,1,0,0,0,0,0,0,0,LT
419,act_420,2,01:23.6,01:23.9,0,2,0,1,6,1,parlare,donna,3,1,1,1,0,0,0,0,0,1,0,0,0,1,0,0,0,LT
420,act_421,2,01:24.0,01:27.0,0,2,0,1,6,1,parlare,uomo,3,1,1,1,0,0,0,0,0,1,0,0,0,1,0,0,0,LT
421,act_422,2,01:27.1,01:32.5,0,2,0,1,6,1,domandare,donna,3,1,1,0,1,0,0,0,0,1,0,0,0,1,0,0,0,LT
422,act_423,2,01:35.1,01:35.9,0,2,0,1,6,1,rispondere,uomo,3,1,1,1,0,0,0,0,0,1,0,0,0,0,0,0,0,LT
423,act_424,2,01:39.5,01:40.8,0,2,0,1,6,1,domandare,donna,3,1,1,0,1,0,0,0,0,1,0,0,1,1,0,0,0,LT
424,act_425,2,01:43.0,01:43.7,0,2,0,1,6,1,rispondere,uomo,3,1,1,1,0,0,0,0,0,1,0,0,0,1,0,0,0,LT
425,act_426,2,01:45.2,01:46.1,0,2,0,1,6,1,domandare,donna,3,1,1,0,1,0,0,0,0,1,0,0,0,1,0,0,0,LT
426,act_427,2,01:47.3,01:48.5,0,2,0,1,6,1,rispondere,uomo,3,1,1,1,0,0,0,0,0,1,0,0,0,1,0,0,0,LT
427,act_428,2,01:52.5,01:53.0,0,2,0,1,6,1,domandare,donna,3,1,1,0,1,0,0,0,0,1,0,0,0,1,0,0,0,LT
428,act_429,2,01:55.1,01:55.9,0,2,0,1,6,1,rispondere,uomo,3,1,1,1,0,0,0,0,0,1,0,0,0,1,0,0,0,LT
429,act_430,2,01:58.8,02:04.2,1,2,0,1,6,1,baciarsi,coppia,3,1,1,1,0,0,0,2,0,1,0,1,1,0,0,0,0,LT
430,act_431,2,02:12.8,02:43.6,0,2,1,1,6,0,declamare,libro ,3,1,1,1,0,0,1,2,0,1,0,0,0,1,0,0,1,LT
431,act_432,2,02:43.8,02:44.6,0,2,0,1,6,0,esclamare,amen,3,1,1,1,0,0,0,2,0,1,0,0,0,0,0,0,1,LT
432,act_433,1,02:46.3,02:51.7,0,0,0,1,2,0,guidare,macchina,3,0,1,1,0,0,1,0,1,0,0,2,0,0,0,0,1,LT
433,act_434,2,02:51.7,03:01.2,0,2,0,1,6,1,parlare,donna,3,1,1,1,0,0,0,0,0,1,0,0,0,0,0,0,0,LT
434,act_435,2,02:52.8,02:56.3,0,0,0,1,3,1,appendere,quadro ,3,0,1,0,1,0,1,0,0,1,0,2,0,0,0,0,0,LT
435,act_436,2,03:01.4,03:02.7,0,2,0,1,6,1,baciare,gota,3,1,1,1,0,0,0,0,0,1,0,1,1,0,0,0,0,LT
436,act_437,2,03:04.0,03:07.3,1,0,0,1,2,1,spostare,quadro ,3,0,1,0,1,0,1,0,0,1,0,2,0,0,0,0,0,LT
437,act_438,2,03:04.0,03:06.0,0,2,0,1,6,1,parlare,donna,3,1,1,1,0,0,0,0,0,1,0,0,0,0,0,0,0,LT
438,act_439,2,03:06.1,03:13.5,0,2,0,1,6,1,parlare,donna,3,1,1,1,0,0,0,0,0,1,0,0,0,1,0,0,0,LT
439,act_440,2,03:09.8,03:13.5,0,0,0,1,1,0,sfogliare ,fotografie,3,0,1,1,0,1,1,0,0,1,0,2,0,0,0,0,0,LT
440,act_441,2,03:15.1,03:15.7,0,2,0,1,6,1,domandare,donna,3,1,1,0,1,0,0,0,0,1,0,0,0,0,0,0,0,LT
441,act_442,2,03:15.9,03:45.4,0,2,0,1,6,1,parlare,donna,3,1,1,1,0,0,0,0,0,1,0,0,1,1,0,0,0,LT
442,act_443,2,03:15.9,03:18.2,0,0,1,1,1,1,sbucciare,mela ,3,0,1,1,0,0,1,0,1,1,0,2,0,0,0,0,0,LT
443,act_444,2,03:45.2,03:47.2,0,0,1,1,6,1,mangiare,mela ,3,0,1,1,0,0,1,0,0,1,0,2,0,0,0,0,0,LT
444,act_445,2,03:47.3,03:54.2,0,2,0,1,6,1,parlare,donna,3,1,1,1,0,0,0,0,0,0,0,0,0,0,0,0,0,LT
445,act_446,2,03:57.5,04:00.7,0,2,0,0,7,1,appoggiarsi,grembo,3,1,1,0,1,0,0,0,0,0,0,1,1,0,0,0,0,LT
446,act_447,2,04:00.1,04:02.4,0,2,0,1,6,1,parlare,donna,3,1,1,1,0,0,0,0,0,1,0,1,0,0,0,0,0,LT
447,act_448,2,04:00.5,04:02.7,0,3,0,1,1,1,accarezzare,cane,3,1,1,1,0,1,0,0,0,1,0,1,0,0,0,0,0,LT
448,act_449,2,04:03.2,04:05.2,0,2,0,1,6,1,esclamare,donna,3,1,1,0,1,0,0,0,0,1,0,0,1,0,0,0,0,LT
449,act_450,2,04:05.1,04:05.6,0,2,0,1,7,1,scuotere ,testa,3,1,1,1,0,0,0,0,0,1,0,0,0,0,1,0,0,LT
450,act_451,2,04:06.0,04:07.0,0,2,0,1,6,1,domandare,donna,3,1,1,0,1,0,0,0,0,1,0,0,0,0,0,0,0,LT
451,act_452,2,04:09.6,04:10.5,0,2,0,0,7,1,annuire,donna,3,1,1,0,0,0,0,0,0,1,0,0,0,0,0,0,0,LT
452,act_453,2,04:11.5,04:14.6,0,2,0,1,6,1,parlare,donna,3,1,1,1,0,0,0,0,0,1,0,0,0,1,0,0,0,LT
453,act_454,1,04:25.9,04:28.3,1,4,0,1,5,1,camminare,,3,0,1,0,0,0,0,0,0,1,0,2,0,0,0,0,1,LT
454,act_455,1,04:25.9,04:28.3,0,2,0,1,6,1,parlare,donna,3,1,1,1,0,0,0,0,0,1,0,0,1,0,0,0,1,LT
455,act_456,1,04:25.9,04:28.3,1,4,0,0,5,1,camminare,,3,0,1,0,0,0,0,0,0,1,0,0,0,0,0,0,0,LT
456,act_457,1,04:28.6,04:28.9,0,2,0,1,6,1,domandare,donna,3,1,1,0,1,0,0,0,0,1,0,0,0,0,0,0,1,LT
457,act_458,1,04:29.3,04:31.3,0,0,1,1,2,1,aprire,porta,3,0,1,0,1,0,1,0,0,1,0,2,0,0,0,0,0,LT
458,act_459,2,04:32.3,04:34.6,0,0,1,1,3,1,togliersi,cappotto,3,0,1,1,1,0,1,0,0,1,0,2,1,0,0,0,0,LT
459,act_460,2,04:33.3,04:34.9,0,0,1,1,2,1,chiudere,porta,3,0,1,0,1,0,1,0,0,1,0,2,0,0,0,0,0,LT
460,act_461,2,04:34.7,04:35.9,0,0,1,1,3,1,appendere,cappotto,3,0,1,1,1,0,1,0,0,1,0,2,1,0,0,0,0,LT
461,act_462,2,04:39.1,04:40.0,0,2,0,1,6,1,salutare ,donna,3,1,1,0,1,0,0,0,0,1,0,0,0,0,0,0,0,LT
462,act_463,2,04:39.2,04:39.7,0,0,0,1,1,1,sfogliare ,fogli ,3,0,1,1,0,1,1,0,0,1,0,2,0,0,0,0,0,LT
463,act_464,2,04:40.4,04:42.1,0,2,0,1,6,1,salutare ,donna,3,1,1,0,1,0,0,0,0,1,0,0,1,0,0,0,0,LT
464,act_465,2,04:42.9,04:44.6,0,2,1,1,3,1,abbracciare ,donna,3,1,1,1,0,0,0,2,0,1,0,0,0,0,0,0,0,LT
465,act_466,2,04:44.0,04:44.6,0,2,0,1,6,1,baciare,gota,3,1,1,1,0,0,0,2,0,1,0,0,0,0,0,0,0,LT
466,act_467,2,04:47.0,04:53.5,0,2,0,1,6,1,parlare,donna,3,1,1,1,0,0,0,0,0,1,0,0,1,0,0,0,0,LT
467,act_468,2,04:53.4,04:56.1,0,2,0,1,6,1,parlare,donna,3,1,1,1,0,0,0,0,0,1,0,0,0,0,0,0,1,LT
468,act_469,2,04:55.7,04:59.1,0,2,0,1,0,1,porgere,mano,3,1,1,0,1,0,0,0,0,1,0,0,0,0,1,0,1,LT
469,act_470,2,04:56.3,04:57.4,0,2,0,1,6,1,parlare,uomo,3,1,1,1,0,0,0,0,0,1,0,0,0,1,0,0,0,LT
470,act_471,2,04:57.5,04:59.2,0,2,0,1,6,1,parlare,donna,3,1,1,1,0,0,0,0,0,1,0,0,0,0,0,0,1,LT
471,act_472,2,04:59.3,05:02.7,0,2,0,1,6,1,parlare,uomo,3,1,1,1,0,0,0,0,0,1,0,0,0,1,0,0,0,LT
472,act_473,2,05:03.1,05:05.2,0,2,0,1,6,1,parlare,donna,3,1,1,1,0,0,0,0,0,1,0,0,0,1,0,0,0,LT
473,act_474,2,05:05.5,05:08.1,0,2,0,1,6,1,ridere ,,3,1,1,1,0,0,0,0,0,1,0,0,0,1,0,0,0,LT
474,act_475,2,05:09.1,05:13.1,0,2,0,1,6,1,parlare,donna,3,1,1,1,0,0,0,0,0,1,0,0,1,0,0,0,0,LT
475,act_476,2,05:11.2,05:13.1,0,0,0,1,5,1,sedersi,poltrona,3,0,1,0,1,0,1,0,0,1,0,2,0,0,0,0,0,LT
476,act_477,2,05:10.2,05:13.5,0,0,1,1,3,1,togliersi,sciarpa,3,0,1,1,1,0,1,0,0,1,0,2,0,0,0,0,0,LT
477,act_478,2,05:14.0,05:16.1,0,0,0,1,5,1,sedersi,poltrona,3,0,1,0,1,0,1,0,0,1,0,0,0,0,0,0,0,LT
478,act_479,2,05:13.1,05:15.7,0,2,0,1,6,1,parlare,donna,3,1,1,1,0,0,0,0,0,1,0,0,0,0,0,0,0,LT
479,act_480,2,05:15.9,05:18.9,0,2,0,1,6,1,parlare,donna,3,1,1,1,0,0,0,0,0,1,0,0,0,0,0,0,0,LT
480,act_481,2,05:20.0,05:20.9,0,0,0,1,5,1,sedersi,poltrona,3,0,1,0,1,0,1,0,0,1,0,1,0,0,0,0,0,LT
481,act_482,2,05:22.3,05:23.3,0,2,0,1,6,1,domandare,donna,3,1,1,0,1,0,0,0,0,1,0,1,0,1,0,0,0,LT
482,act_483,2,05:23.8,05:24.5,0,0,0,1,6,1,aspirare ,sigaretta,3,0,1,0,1,0,1,0,1,1,0,2,0,0,0,0,0,LT
483,act_484,2,05:25.0,05:26.4,0,2,0,1,6,1,parlare,donna,3,1,1,1,0,0,0,0,0,1,0,0,0,0,0,0,0,LT
484,act_485,2,05:29.2,05:30.4,0,2,0,1,6,1,domandare,donna,3,1,1,0,1,0,0,0,0,1,0,0,1,0,0,0,0,LT
485,act_486,2,05:31.7,05:32.2,0,2,0,1,6,1,rispondere,donna,3,1,1,1,0,0,0,0,0,1,0,0,1,0,0,0,0,LT
486,act_487,2,05:30.9,05:31.7,0,2,0,1,6,1,ridere ,,3,1,1,1,0,0,0,0,0,1,0,0,1,0,0,0,0,LT
487,act_488,2,05:32.5,05:35.5,0,2,0,1,6,1,parlare,donna,3,1,1,1,0,0,0,0,0,1,0,0,1,0,0,0,0,LT
488,act_489,2,05:35.8,05:37.8,0,2,0,1,6,1,parlare,donna,3,1,1,1,0,0,0,0,0,1,0,0,1,0,0,0,0,LT
489,act_490,2,05:37.9,05:39.1,0,2,0,1,6,1,domandare,donna,3,1,1,0,1,0,0,0,0,1,0,0,1,0,0,0,0,LT
490,act_491,2,05:39.3,05:39.9,0,2,0,1,6,1,parlare,donna,3,1,1,1,0,0,0,0,0,1,0,0,1,0,0,0,0,LT
491,act_492,2,05:40.8,05:44.9,0,2,0,1,6,1,parlare,donna,3,1,1,1,0,0,0,0,0,1,0,0,0,1,0,0,0,LT
492,act_493,2,05:45.0,05:46.2,0,2,0,1,6,1,parlare,donna,3,1,1,1,0,0,0,0,0,1,0,0,1,0,0,0,0,LT
493,act_494,2,05:46.3,05:50.2,0,2,0,1,6,1,parlare,uomo,3,1,1,1,0,0,0,0,0,1,0,0,0,1,0,0,0,LT
494,act_495,2,05:43.0,05:46.4,0,0,0,1,6,1,aspirare ,sigaretta,3,0,1,0,1,0,1,0,1,1,0,2,0,0,0,0,0,LT
495,act_496,2,05:51.4,05:58.6,0,2,0,1,6,1,parlare,donna,3,1,1,1,0,0,0,0,0,1,0,0,1,0,0,0,0,LT
496,act_497,2,05:58.4,05:58.9,0,0,0,1,6,1,scrollare ,sigaretta,3,0,1,0,1,0,1,0,0,1,0,2,0,0,1,0,0,LT
497,act_498,2,05:58.9,05:59.8,0,2,0,1,6,1,parlare,donna,3,1,1,1,0,0,0,0,0,1,0,0,0,0,0,0,0,LT
498,act_499,2,05:57.0,05:57.9,0,1,1,1,5,1,alzarsi ,,3,0,1,0,1,0,0,0,0,1,0,0,0,0,0,0,1,LT
499,act_500,2,05:59.7,06:00.0,0,1,1,1,5,1,alzarsi,,3,0,1,0,1,0,0,0,0,1,0,0,0,0,0,0,1,LT
500,act_501,2,06:00.4,06:02.7,0,2,0,1,6,1,parlare,donna,3,1,1,1,0,0,0,0,0,1,0,0,0,0,0,0,0,LT
501,act_502,2,06:03.4,06:05.0,0,2,0,1,6,1,parlare,donna,3,1,1,1,0,0,0,0,0,1,0,0,0,0,0,0,0,LT
502,act_503,2,06:05.3,06:06.8,0,2,0,1,6,1,parlare,donna,3,1,1,1,0,0,0,0,0,1,0,0,1,0,0,0,0,LT
503,act_504,2,06:06.7,06:10.9,0,2,0,0,6,1,abbaiare,donna,3,1,1,1,0,0,0,0,0,0,0,0,1,0,0,0,0,LT
504,act_505,2,06:06.6,06:06.9,0,2,0,1,6,1,parlare,cane,3,1,1,1,0,0,0,0,0,1,0,0,0,0,0,0,0,LT
505,act_506,2,06:10.8,06:11.6,0,1,0,0,10,1,voltarsi ,,3,0,1,0,1,0,0,0,0,1,0,0,0,0,0,0,0,LT
506,act_507,2,06:11.6,06:14.1,0,2,0,1,6,1,parlare,donna,3,1,1,1,0,0,0,0,0,1,0,0,0,1,0,0,0,LT
507,act_508,2,06:14.4,06:15.9,0,2,0,1,6,1,ridere ,,3,1,1,1,0,0,0,0,0,1,0,0,0,1,0,0,0,LT
508,act_509,2,06:16.9,06:18.9,0,2,0,1,6,1,salutare ,donna,3,1,1,0,1,0,0,0,0,1,0,0,0,0,1,0,0,LT
509,act_510,2,06:18.5,06:19.8,0,0,1,1,2,0,aprire,porta,3,0,1,0,1,0,1,0,0,1,0,2,0,0,0,0,0,LT
510,act_511,2,06:19.3,06:22.0,0,2,0,0,6,1,abbaiare,donna,3,1,1,1,0,0,0,0,0,1,0,0,1,0,0,0,0,LT
511,act_512,2,06:36.4,06:39.5,0,2,0,1,6,1,parlare,cane,3,1,1,1,0,0,0,0,0,1,0,0,1,0,0,0,0,LT
512,act_513,2,05:14.0,05:16.1,0,0,0,1,5,1,sedersi,divano,3,0,1,0,1,0,1,0,0,1,0,2,0,0,0,0,0,LT
513,act_514,2,06:46.0,06:47.8,0,0,0,1,1,1,aprire ,giornale ,3,0,1,0,1,0,1,0,0,1,0,2,0,0,0,0,0,LT
514,act_515,2,06:51.4,06:53.1,0,2,0,1,6,1,parlare,cane,3,1,1,1,0,0,0,0,0,1,0,0,0,0,0,0,0,LT
515,act_516,2,06:57.1,06:57.9,0,2,0,1,6,0,urlare,donna,3,1,1,1,0,0,0,0,0,1,0,0,0,0,0,0,0,LT
516,act_517,2,07:00.5,07:04.8,1,1,1,1,5,1,scendere,scale,3,0,1,1,0,0,1,0,0,1,0,2,1,0,0,0,0,LT
517,act_518,2,07:01.0,07:01.7,0,4,0,1,6,1,parlare,,3,0,1,1,0,0,0,0,0,1,0,0,1,0,0,0,0,LT
518,act_519,2,07:00.5,07:09.7,1,0,1,1,2,1,portare,coperte ,3,0,1,1,1,0,1,0,0,1,0,2,0,0,0,0,0,LT
519,act_520,2,07:06.1,07:09.6,0,2,0,1,6,1,domandare,donna,3,1,1,0,1,0,0,0,0,1,0,0,1,0,0,0,0,LT
520,act_521,2,07:07.0,07:08.5,1,2,0,1,3,1,allontanare ,uomo,3,1,1,1,0,0,0,0,0,1,0,1,1,0,0,0,0,LT
521,act_522,2,07:08.5,07:09.4,0,0,1,1,2,1,aprire,porta,3,0,1,0,1,0,1,0,0,1,0,2,0,0,0,0,0,LT
522,act_523,2,07:09.4,07:10.5,0,0,1,1,2,1,chiudere,porta,3,0,1,0,1,0,1,0,0,1,0,2,0,0,0,0,0,LT
523,act_524,2,07:10.7,07:11.5,0,0,1,1,2,1,aprire,porta,3,0,1,0,1,0,1,0,0,1,0,2,0,0,0,0,0,LT
524,act_525,2,07:11.0,07:13.5,0,2,0,1,6,1,annunciare,uomo,3,1,1,1,0,0,0,0,0,1,0,0,1,0,0,0,0,LT
525,act_526,2,07:13.6,07:14.0,0,0,1,1,2,1,chiudere,porta,3,0,1,0,1,0,1,0,0,1,0,2,0,0,0,0,0,LT
526,act_527,2,07:14.1,07:16.9,0,2,0,1,6,0,urlare ,cane,3,1,1,1,0,0,0,0,0,1,0,0,1,0,0,1,0,LT
527,act_528,2,07:16.8,07:17.3,0,4,0,0,6,1,abbaiare,,3,1,1,1,0,0,0,0,0,1,0,0,1,0,0,0,0,LT
528,act_529,2,07:17.2,07:18.0,0,0,1,1,2,0,aprire,porta,3,0,1,0,1,0,1,0,0,1,0,2,0,0,0,0,0,LT
529,act_530,2,05:57.0,05:57.9,0,1,1,1,5,1,rizzarsi,,3,0,1,0,1,0,0,0,0,1,0,0,1,0,0,0,0,LT
530,act_531,2,07:20.2,07:21.2,0,2,0,1,6,1,annunciare,uomo,3,1,1,1,0,0,0,0,0,1,0,0,0,0,0,0,0,LT
531,act_532,2,07:21.5,07:22.1,0,2,0,0,6,1,mugugnare,uomo,3,1,1,1,0,0,0,0,0,1,0,0,0,0,0,0,0,LT
532,act_533,2,07:23.6,07:24.2,0,0,1,1,2,0,chiudere,porta,3,0,1,0,1,0,1,0,0,1,0,2,0,0,0,0,0,LT
533,act_534,2,07:24.7,07:27.7,0,2,0,1,6,1,parlare,cane,3,1,1,1,0,0,0,0,0,1,0,0,1,0,0,0,0,LT
534,act_535,2,07:28.9,07:29.9,0,0,1,1,2,1,aprire,porta,3,0,1,0,1,0,1,0,0,1,0,2,0,0,0,0,0,LT
535,act_536,2,07:30.6,07:32.7,0,2,1,1,3,1,abbracciare ,donna,3,1,1,1,0,0,0,2,0,1,0,0,1,0,1,0,0,LT
536,act_537,2,07:31.2,07:32.1,0,2,0,1,6,1,baciare,gota,3,1,1,1,0,0,0,1,0,1,0,0,0,0,1,0,0,LT
537,act_538,2,07:32.3,07:33.0,0,2,0,1,6,1,domandare,donna,3,1,1,0,1,0,0,0,0,1,0,0,0,0,0,0,0,LT
538,act_539,2,07:33.1,07:34.1,0,2,0,1,6,1,rispondere,donna,3,1,1,1,0,0,0,0,0,1,0,0,0,0,0,0,0,LT
539,act_540,2,07:34.3,07:36.8,0,2,0,1,6,1,parlare,donna,3,1,1,1,0,0,0,0,0,1,0,0,0,0,0,0,0,LT
540,act_541,2,07:36.9,07:38.9,0,2,0,1,6,1,parlare,uomo,3,1,1,1,0,0,0,0,0,1,0,0,0,0,0,0,0,LT
541,act_542,2,07:41.5,07:42.8,0,3,0,1,6,1,parlare,cane,3,1,1,1,0,0,0,0,0,1,0,0,0,0,0,0,0,LT
542,act_543,2,07:44.7,07:47.0,1,3,0,0,5,1,avvicinarsi,cane,3,1,1,1,0,0,0,0,0,1,0,0,0,0,0,0,0,LT
543,act_544,2,07:44.9,07:47.9,0,3,0,1,6,1,parlare,cane,3,1,1,1,0,0,0,0,0,0,0,0,0,0,0,0,0,LT
544,act_545,2,07:47.0,07:48.8,0,2,0,0,6,1,abbaiare,uomo,3,1,1,1,0,0,0,0,0,1,0,0,0,0,0,0,0,LT
545,act_546,2,07:49.0,07:50.9,0,2,0,0,6,1,mugugnare,uomo,3,1,1,1,0,0,0,0,0,1,0,1,0,0,0,0,0,LT
546,act_547,2,07:51.7,07:53.2,0,3,0,1,6,1,parlare,cane,3,1,1,1,0,0,0,0,0,1,0,0,0,0,0,0,0,LT
547,act_548,2,07:54.0,08:01.5,1,3,0,0,5,1,avvicinarsi,cane,3,1,1,1,0,0,0,0,0,0,0,0,0,0,0,0,0,LT
548,act_549,2,08:01.6,08:06.1,0,3,0,0,6,1,cercare ,mammelle,3,1,1,1,0,0,0,1,0,1,0,0,1,0,0,0,0,LT
549,act_550,2,08:06.6,08:08.1,0,2,0,1,6,1,parlare,uomo,3,1,1,1,0,0,0,0,0,1,0,1,0,0,0,0,0,LT
550,act_551,2,08:09.6,08:10.6,0,2,0,1,3,1,abbracciare ,uomo,3,1,1,1,0,0,0,0,0,1,0,1,1,0,0,0,0,LT
551,act_552,2,08:11.0,08:13.2,0,3,0,0,8,1,leccare,muso,3,1,1,1,0,0,0,0,0,0,0,1,1,0,0,0,0,LT
552,act_553,2,08:13.6,08:19.0,1,3,0,0,10,1,accoccolarsi,cane,3,1,1,0,1,0,0,0,0,0,0,1,1,0,0,0,0,LT
553,act_554,2,08:18.9,08:21.1,0,3,0,0,7,1,appoggia,cane,3,1,1,0,1,0,0,0,0,0,0,1,1,0,0,0,0,LT
554,act_555,1,08:24.8,08:26.6,0,0,1,1,2,0,aprire,porta,3,0,1,0,1,0,1,0,0,0,0,2,0,0,0,0,0,LT
555,act_556,2,08:26.5,08:30.1,0,2,0,1,6,1,chiamare ,donna,3,1,1,1,0,0,0,0,0,1,0,0,0,0,0,0,0,LT
556,act_557,2,08:27.6,08:28.4,0,0,1,1,2,0,chiudere,porta,3,0,1,0,1,0,1,0,0,1,0,2,0,0,0,0,0,LT
557,act_558,2,08:30.5,08:33.8,0,2,0,1,6,1,parlare,donna,3,1,1,1,0,0,0,0,0,1,0,0,1,0,0,0,0,LT
558,act_559,2,08:33.1,08:34.0,0,2,0,1,3,1,scostare ,uomo,3,1,1,0,1,0,0,0,0,1,0,1,1,0,1,0,0,LT
559,act_560,2,08:38.0,08:45.1,0,4,0,1,6,1,parlare,,3,0,1,1,0,0,0,0,0,1,0,0,1,0,0,0,0,LT
560,act_561,2,08:43.1,08:45.1,0,0,0,1,5,0,inginocchiarsi,pavimento,3,0,1,0,1,0,1,0,0,1,0,2,0,0,0,0,0,LT
561,act_562,2,08:45.7,08:51.4,0,4,0,1,6,1,parlare,,3,0,1,1,0,0,0,0,0,1,0,0,1,0,0,0,0,LT
562,act_563,2,08:51.2,08:52.4,0,1,1,1,5,1,alzarsi,,3,0,1,0,1,0,0,0,0,1,0,2,0,0,0,0,0,LT
563,act_564,2,08:52.2,08:54.6,0,2,0,1,6,1,parlare,donna,3,1,1,1,0,0,0,0,0,1,0,0,1,0,0,0,0,LT
564,act_565,2,08:54.8,08:57.0,0,2,0,1,6,1,parlare,donna,3,1,1,1,0,0,0,0,0,1,0,0,1,0,0,0,1,LT
565,act_566,2,08:57.6,08:58.6,0,2,0,1,6,1,domandare,donna,3,1,1,0,1,0,0,0,0,1,0,0,1,0,0,0,0,LT
566,act_567,2,08:58.7,08:59.3,0,2,0,1,6,1,rispondere,donna,3,1,1,1,0,0,0,0,0,1,0,0,0,0,0,0,1,LT
567,act_568,2,08:59.6,09:03.9,0,2,0,1,6,1,parlare,donna,3,1,1,1,0,0,0,0,0,1,0,0,0,0,0,0,1,LT
568,act_569,2,09:03.9,09:05.6,0,2,0,1,6,1,domandare,donna,3,1,1,0,1,0,0,0,0,1,0,1,0,0,0,0,1,LT
569,act_570,2,09:03.5,09:05.6,0,0,0,1,6,1,aspirare ,sigaretta,3,0,1,0,1,0,1,0,1,1,0,2,0,0,0,0,0,LT
570,act_571,2,09:05.7,09:06.9,0,2,0,1,6,1,parlare,uomo,3,1,1,1,0,0,0,0,0,1,0,0,1,0,0,1,1,LT
571,act_572,2,09:06.9,09:11.0,0,2,0,1,6,1,parlare,donna,3,1,1,1,0,0,0,0,0,1,0,0,0,0,0,0,1,LT
572,act_573,2,09:11.0,09:13.4,0,2,0,1,6,1,parlare,donna,3,1,1,1,0,0,0,0,0,1,0,0,1,0,0,0,0,LT
573,act_574,2,09:13.1,09:15.8,0,0,0,1,6,1,fumare ,sigaretta,3,0,1,0,1,0,1,0,1,1,0,2,0,0,1,0,0,LT
574,act_575,2,09:13.9,09:15.8,0,2,0,1,6,1,parlare,donna,3,1,1,1,0,0,0,0,0,1,0,0,1,0,0,0,0,LT
575,act_576,2,09:15.8,09:18.9,0,2,0,1,6,1,parlare,uomo,3,1,1,1,0,0,0,0,0,1,0,0,0,1,0,0,0,LT
576,act_577,2,09:18.8,09:19.6,0,2,0,1,6,1,parlare,donna,3,1,1,1,0,0,0,0,0,1,0,1,1,0,0,0,0,LT
577,act_578,2,09:19.0,09:22.9,0,2,0,1,6,1,interrompere,uomo,3,1,1,0,1,0,0,0,0,1,0,1,1,0,0,0,0,LT
578,act_579,2,09:22.8,09:31.3,0,2,0,1,6,1,parlare,donna,3,1,1,1,0,0,0,0,0,1,0,0,0,0,0,0,0,LT
579,act_580,2,09:23.3,09:24.6,0,0,1,1,0,0,estrarre ,assegni,3,0,1,0,1,0,1,0,0,1,0,2,0,1,0,0,0,LT
580,act_581,2,09:24.7,09:29.6,0,0,1,1,1,0,sfogliare ,assegni,3,0,1,1,0,1,1,0,0,1,0,2,0,1,0,0,0,LT
581,act_582,2,09:29.6,09:38.2,0,0,1,1,1,0,scrivere,assegno,3,0,1,0,0,0,1,0,1,1,0,2,0,1,0,0,0,LT
582,act_583,2,09:32.3,09:38.3,0,2,0,1,6,1,parlare,donna,3,1,1,1,0,0,0,0,0,1,0,0,0,0,0,0,1,LT
583,act_584,2,09:38.3,09:40.9,0,2,0,1,6,1,parlare,donna,3,1,1,1,0,0,0,0,0,1,0,0,1,1,0,0,0,LT
584,act_585,2,09:40.8,09:43.9,0,2,0,1,6,1,parlare,donna,3,1,1,1,0,0,0,0,0,1,0,0,1,0,0,0,0,LT
585,act_586,2,09:44.0,09:45.9,0,2,0,1,6,1,parlare,uomo,3,1,1,1,0,0,0,0,0,1,0,0,1,0,0,0,1,LT
586,act_587,2,09:45.9,09:46.7,0,2,0,1,6,1,parlare,donna,3,1,1,1,0,0,0,0,0,1,0,0,1,0,0,0,1,LT
587,act_588,2,09:46.8,09:47.5,0,2,0,1,6,1,parlare,uomo,3,1,1,1,0,0,0,0,0,1,0,0,0,0,0,0,0,LT
588,act_589,2,09:47.8,09:50.6,0,0,1,1,2,0,offrire  ,assegno,3,1,1,0,0,0,1,0,0,1,0,2,0,1,0,0,0,LT
589,act_590,2,09:48.0,09:48.7,0,2,0,1,6,1,parlare,donna,3,1,1,1,0,0,0,0,0,1,0,0,0,1,0,0,0,LT
590,act_591,2,09:52.9,09:57.5,0,0,1,1,0,0,mostrare,assegno,3,0,1,0,0,0,1,0,0,1,0,2,0,1,0,0,0,LT
591,act_592,2,09:55.6,09:56.5,0,2,0,1,6,1,parlare,donna,3,1,1,1,0,0,0,0,0,1,0,0,1,0,0,0,0,LT
592,act_593,2,09:57.5,10:02.3,0,2,0,1,6,1,parlare,donna,3,1,1,1,0,0,0,0,0,1,0,0,0,1,0,0,1,LT
593,act_594,2,10:05.0,10:07.6,0,2,0,1,6,1,domandare,coppia,3,1,1,0,1,0,0,1,0,1,0,0,1,0,0,0,0,LT
594,act_595,2,10:08.3,10:09.1,0,2,0,1,6,1,parlare,donna,3,1,1,1,0,0,0,0,0,1,0,0,1,0,0,0,0,LT
595,act_596,2,10:12.0,10:33.5,0,2,1,1,6,1,parlare,coppia,3,1,1,1,0,0,0,1,0,1,0,0,0,0,0,0,0,LT
596,act_597,2,10:22.5,10:26.1,0,0,1,1,1,0,strappare ,assegno,3,0,1,0,0,0,1,0,0,1,0,2,1,1,1,0,0,LT
597,act_598,2,10:26.0,10:27.1,0,2,1,1,1,1,lanciare,cartacce,3,1,1,0,1,0,1,0,0,1,0,2,1,0,1,0,0,LT
598,act_599,2,10:27.4,10:32.8,1,0,1,1,5,0,andarsene,casa,3,0,1,0,1,0,0,0,0,1,0,0,1,0,0,0,0,LT
599,act_600,2,10:32.9,10:34.3,0,0,1,1,2,1,aprire,porta,3,0,1,0,1,0,1,0,0,1,0,2,0,0,0,0,0,LT
600,act_601,2,10:34.5,10:35.3,0,0,1,1,2,1,chiudere,porta,3,0,1,0,1,0,1,0,0,1,0,2,1,0,0,0,0,LT
601,act_602,1,00:12.8,00:13.9,0,1,0,1,7,1,guardare,coppia,4,0,1,0,1,0,0,0,0,1,0,0,0,0,0,0,0,LT
602,act_603,1,00:16.3,00:17.2,0,0,1,1,2,1,chiudere,porta,4,0,1,0,1,0,1,0,0,1,0,2,1,0,0,0,0,LT
603,act_604,1,00:16.7,00:19.2,0,0,0,1,0,1,muovere ,specchietto,4,0,1,0,1,0,1,0,0,1,0,2,0,0,0,0,0,LT
604,act_605,1,00:18.3,00:24.9,1,4,0,1,5,1,passeggiare,,4,0,1,0,0,0,0,2,0,1,0,1,0,0,0,0,0,LT
605,act_606,1,00:18.3,00:24.9,1,4,0,0,5,1,passeggiare,,4,0,1,0,0,0,0,2,0,1,0,0,0,0,0,0,0,LT
606,act_607,1,00:26.5,00:30.8,0,1,0,1,7,1,guardare,coppia,4,0,1,0,1,0,0,0,0,1,0,0,0,0,0,0,0,LT
607,act_608,1,00:30.9,00:35.4,1,4,0,1,5,1,passeggiare,,4,0,1,0,0,0,0,2,0,0,0,1,0,0,0,0,0,LT
608,act_609,1,00:30.9,00:35.4,1,4,0,0,5,1,passeggiare,,4,0,1,0,0,0,0,2,0,0,0,0,0,0,0,0,0,LT
609,act_610,1,00:35.9,00:37.0,0,2,0,1,6,1,parlare,uomo,4,1,1,1,0,0,0,0,0,1,0,0,0,0,0,0,0,LT
610,act_611,1,00:37.0,00:37.6,0,0,1,1,0,1,togliersi ,cappello,4,0,1,0,1,0,1,0,0,1,0,2,0,0,0,0,0,LT
611,act_612,2,00:45.8,00:48.1,0,0,1,0,1,0,chiudere,tende,4,0,1,0,1,0,1,0,0,1,0,2,0,0,0,0,0,LT
612,act_613,2,00:50.1,00:59.5,0,4,0,1,6,1,parlare,,4,0,1,1,0,0,0,0,0,1,0,0,0,0,0,0,0,LT
613,act_614,2,00:50.1,00:51.6,0,0,0,1,0,1,raccogliere,ciotola,4,0,1,0,1,0,1,0,0,1,0,2,0,0,0,0,0,LT
614,act_615,2,00:54.7,01:01.1,0,0,1,1,1,1,spostare ,pappa,4,0,1,1,1,0,1,0,1,1,0,2,0,0,0,0,0,LT
615,act_616,2,01:01.7,01:03.3,0,0,0,1,0,1,appoggiare,ciotola,4,0,1,0,1,0,1,0,0,1,0,2,0,0,0,0,0,LT
616,act_617,2,01:03.6,01:04.2,0,4,0,1,6,1,domandarsi,,4,0,1,1,1,0,0,0,0,1,0,0,0,0,0,0,0,LT
617,act_618,2,01:04.0,01:05.3,0,0,1,1,1,1,sbattere,cucchiaio,4,0,1,1,0,1,1,0,0,1,0,2,0,0,0,0,0,LT
618,act_619,2,01:06.5,01:12.5,1,4,0,1,5,1,dirigersi,porta,4,0,1,0,1,0,0,0,0,1,0,0,0,0,0,0,0,LT
619,act_620,2,01:09.8,01:13.5,0,2,0,1,6,1,parlare,uomo,4,1,1,1,0,0,0,0,0,1,0,0,0,0,0,0,0,LT
620,act_621,2,01:13.0,01:15.9,0,0,1,1,2,1,aprire,porta,4,0,1,0,1,0,1,0,0,0,0,2,0,0,0,0,0,LT
621,act_622,1,01:15.9,01:16.5,0,2,0,1,6,1,salutare,donna,4,1,1,0,1,0,0,0,0,1,0,0,0,0,0,0,0,LT
622,act_623,2,01:16.4,01:17.5,0,2,0,1,6,1,esclamare ,,4,0,1,0,1,0,0,0,0,1,0,0,1,0,0,0,0,LT
623,act_624,2,01:16.8,01:19.4,0,0,0,1,3,1,chiudere,porta,4,0,1,0,1,0,1,0,0,1,0,2,1,0,0,0,0,LT
624,act_625,2,01:17.4,01:19.3,0,0,1,1,2,1,fermare,porta,4,0,1,1,0,1,1,0,0,1,0,2,0,0,0,0,0,LT
625,act_626,2,01:18.7,01:20.8,0,2,0,1,6,1,parlare,donna,4,1,1,1,0,0,0,0,0,1,0,0,0,0,0,0,0,LT
626,act_627,2,01:20.7,01:21.3,1,2,0,1,2,1,colpire ,uomo,4,0,1,1,0,0,0,0,0,1,0,1,1,0,0,0,0,LT
627,act_628,2,01:22.1,01:29.1,1,2,1,1,10,1,lottare ,uomini,4,1,1,1,0,0,0,1,0,1,0,1,0,0,0,0,0,LT
628,act_629,2,01:25.3,01:26.5,0,2,0,1,6,1,parlare,uomo,4,1,1,1,0,0,0,0,0,1,0,1,0,0,0,0,0,LT
629,act_630,2,01:26.7,01:27.6,0,2,0,1,6,1,parlare,uomo,4,1,1,1,0,0,0,0,0,1,0,1,0,0,0,0,0,LT
630,act_631,2,01:29.3,01:42.5,1,2,1,1,3,1,spostare ,donna,4,0,1,1,0,0,0,0,0,1,0,1,0,0,0,0,0,LT
631,act_632,2,01:29.6,01:35.6,0,2,0,1,6,1,urlare,uomini,4,1,1,1,0,0,0,0,0,1,0,1,1,0,0,0,0,LT
632,act_633,2,01:28.9,01:33.6,1,2,0,1,2,1,schiaffeggiare ,uomini,4,0,1,1,0,0,0,0,0,1,0,1,1,0,0,0,0,LT
633,act_634,2,01:31.4,01:40.9,0,2,0,1,6,1,parlare,uomo,4,1,1,1,0,0,0,2,0,1,0,1,1,0,0,0,0,LT
634,act_635,2,01:41.0,01:42.2,1,2,1,1,3,1,spingere ,donna,4,0,1,1,0,0,0,2,0,1,0,1,0,0,0,0,0,LT
635,act_636,2,01:42.4,01:42.9,1,0,1,1,10,1,chiudere,sgabuzzino ,4,0,1,0,1,0,1,2,0,1,0,2,0,0,0,0,0,LT
636,act_637,2,01:43.4,01:45.4,1,0,0,1,10,1,colpire ,porta ,4,0,1,0,1,1,1,0,0,1,0,2,1,0,0,0,0,LT
637,act_638,2,01:43.5,01:54.3,0,2,0,1,6,1,urlare,uomini,4,1,1,1,0,0,0,0,0,1,0,0,1,0,0,0,0,LT
638,act_639,2,01:45.1,01:45.6,0,2,0,1,6,1,parlare,uomo,4,1,1,1,0,0,0,0,0,1,0,0,0,0,0,0,0,LT
639,act_640,2,01:46.5,01:47.6,0,2,0,1,6,1,parlare,donna,4,1,1,1,0,0,0,0,0,1,0,0,1,0,0,0,0,LT
640,act_641,2,01:45.3,01:46.9,0,0,1,1,3,1,prendere,sedia ,4,0,1,0,1,0,1,0,0,1,0,2,0,0,0,0,0,LT
641,act_642,2,01:46.9,01:48.9,1,0,1,1,3,1,sprangare,sgabuzzino ,4,0,1,0,1,0,1,2,1,1,0,2,0,0,0,0,0,LT
642,act_643,2,01:50.3,01:55.9,1,0,0,1,10,1,colpire ,porta ,4,0,1,0,1,1,1,0,0,1,0,0,1,0,0,0,0,LT
643,act_644,2,01:56.2,02:00.8,0,2,0,1,6,1,parlare,uomo,4,1,1,1,0,0,0,0,0,1,0,0,0,0,0,0,0,LT
644,act_645,2,01:56.5,01:57.8,0,0,0,1,0,1,togliersi,passamontagna,4,0,1,0,1,0,1,0,0,1,0,2,0,0,0,0,0,LT
645,act_646,2,01:58.3,01:59.1,0,0,0,1,0,0,togliersi,passamontagna,4,0,1,0,1,0,1,0,0,1,0,2,0,0,0,0,0,LT
646,act_647,2,02:00.9,02:03.9,0,2,0,1,6,1,parlare,uomo,4,1,1,1,0,0,0,0,0,1,0,0,0,0,0,0,0,LT
647,act_648,2,02:04.0,02:05.3,0,2,0,1,6,1,zittire,uomo,4,1,1,1,0,0,0,0,0,1,0,0,0,0,0,0,0,LT
648,act_649,2,02:06.3,02:06.9,0,0,1,1,1,0,aprire,tende,4,0,1,0,1,0,1,0,0,1,0,2,0,0,0,0,0,LT
649,act_650,2,02:09.2,02:10.7,0,0,0,1,7,1,guardarsi ,uomini,4,1,1,1,0,0,0,2,0,1,0,0,0,0,0,0,0,LT
650,act_651,2,02:11.9,02:12.6,0,2,0,1,6,1,parlare,uomo,4,1,1,1,0,0,0,0,0,1,0,0,0,1,0,0,0,LT
651,act_652,2,02:13.1,02:15.6,0,0,1,1,3,1,prendere,sacco,4,0,1,0,1,0,1,0,0,1,0,2,0,0,0,0,0,LT
652,act_653,2,02:15.2,02:15.6,0,2,0,1,6,1,parlare,uomo,4,1,1,1,0,0,0,0,0,0,0,0,0,0,0,0,0,LT
653,act_654,2,02:15.2,02:15.6,0,1,0,1,0,0,schioccare,dita,4,1,1,1,0,0,0,0,0,1,0,0,0,0,1,0,0,LT
654,act_655,2,02:15.8,02:16.1,0,0,1,1,0,1,afferrare ,sacco,4,0,1,0,1,0,1,0,0,1,0,2,0,0,0,0,0,LT
655,act_656,2,02:18.3,02:20.1,0,2,0,0,6,1,abbaiare,uomo,4,1,1,1,0,0,0,0,0,1,0,0,1,0,0,0,0,LT
656,act_657,2,02:21.6,02:25.1,0,3,1,1,0,0,afferrare ,cucciolo,4,0,1,0,1,0,0,0,0,1,0,1,0,0,0,0,0,LT
657,act_658,2,02:22.4,02:24.5,0,2,0,0,6,1,abbaiare,uomo,4,1,1,1,0,0,0,0,0,1,0,0,1,0,0,0,0,LT
658,act_659,2,02:24.8,02:25.2,0,2,0,0,6,1,abbaiare,uomo,4,1,1,1,0,0,0,0,0,1,0,0,1,0,0,0,0,LT
659,act_660,2,02:28.0,02:29.0,0,1,0,1,0,0,succhiarsi,mano,4,1,1,1,0,0,0,0,0,1,0,0,0,0,0,0,0,LT
660,act_661,2,02:29.0,02:31.8,0,2,0,0,6,1,abbaiare,uomo,4,1,1,1,0,0,0,0,0,1,0,0,1,0,0,0,0,LT
661,act_662,2,02:30.1,02:36.1,0,3,0,1,6,1,parlare,cucciolo,3,1,1,1,0,0,0,0,0,1,0,1,1,0,0,0,0,LT
662,act_663,2,02:30.6,02:33.8,0,3,1,1,0,0,afferrare ,cucciolo,4,0,1,0,1,0,0,0,0,1,0,1,1,0,0,0,0,LT
663,act_664,2,02:32.9,02:36.1,0,2,0,0,6,1,guaire,uomo,4,1,1,1,0,0,0,0,0,1,0,1,1,0,0,0,0,LT
664,act_665,2,02:35.8,02:36.1,0,3,1,1,0,1,riempire,sacco,4,0,1,0,1,1,0,0,0,1,0,1,0,0,0,0,0,LT
665,act_666,2,02:38.0,02:39.6,0,0,1,1,2,0,aprire,porta,4,0,1,0,1,0,1,0,0,1,0,2,0,0,0,0,0,LT
666,act_667,1,02:39.7,02:42.1,0,0,1,1,7,1,controllare,,4,1,1,1,0,0,0,2,0,1,0,0,0,0,1,0,0,LT
667,act_668,1,02:42.9,02:45.2,0,0,1,1,2,0,chiudere,porta,4,0,1,0,1,0,1,0,0,1,0,2,0,0,0,0,0,LT
668,act_669,1,02:48.5,02:48.9,0,2,0,1,6,1,salutare,uomo,4,1,1,0,1,0,0,0,0,1,0,0,0,0,0,0,1,LT
669,act_670,1,02:48.3,03:05.6,0,2,0,0,6,1,abbaiare,uomo,4,1,1,1,0,0,0,0,0,1,0,0,1,0,0,0,1,LT
670,act_671,1,02:50.9,03:13.5,0,3,0,1,6,1,parlare,cane,4,1,1,1,0,0,0,0,0,1,0,0,1,0,0,0,1,LT
671,act_672,1,02:57.2,03:05.2,0,2,0,1,6,1,parlare,uomo,4,1,1,1,0,0,0,0,0,1,0,0,0,0,0,0,0,LT
672,act_673,1,03:05.6,03:13.9,0,2,0,0,6,1,abbaiare,uomo,4,1,1,1,0,0,0,0,0,1,0,0,1,0,0,0,0,LT
673,act_674,1,03:06.3,03:13.5,0,2,0,1,6,1,parlare,uomo,4,1,1,1,0,0,0,0,0,1,1,0,0,0,0,0,0,LT
674,act_675,1,02:53.5,02:56.6,1,0,1,1,2,0,caricare,sacco,4,0,1,0,1,0,1,0,0,1,0,0,0,0,0,0,0,LT
675,act_676,1,02:57.4,03:09.9,0,0,1,1,1,0,annodare,telo,4,0,1,0,1,0,1,0,0,1,0,2,0,0,0,0,0,LT
676,act_677,1,03:19.7,03:20.3,0,0,1,1,0,0,accendere,furgone,4,0,1,0,1,0,1,0,1,1,0,2,0,0,0,0,0,LT
677,act_678,1,03:23.2,03:27.0,0,3,0,1,6,1,parlare,cane,4,1,1,1,0,0,0,0,0,1,0,0,0,0,0,0,0,LT
678,act_679,1,03:23.2,03:27.9,0,2,0,0,6,1,abbaiare,uomo,4,1,1,1,0,0,0,0,0,0,0,0,1,0,0,0,0,LT
679,act_680,1,03:28.8,03:32.1,1,4,0,1,5,1,correre ,,4,0,1,1,0,0,0,1,0,0,0,0,0,0,0,0,1,LT
680,act_681,1,03:28.8,03:32.1,0,1,1,1,5,1,passeggiare ,parco,4,0,1,1,0,1,0,1,0,0,0,0,0,0,0,0,1,LT
681,act_682,1,03:31.6,03:36.4,1,4,0,1,5,1,pattinare ,,4,0,1,1,0,0,1,0,0,1,0,2,0,0,0,0,1,LT
682,act_683,1,03:41.1,03:42.9,0,3,0,0,6,1,abbaiare,cane,4,1,1,1,0,0,0,0,0,0,0,0,0,0,0,0,0,LT
683,act_684,1,03:43.1,03:45.4,1,4,1,1,5,1,correre ,,4,0,1,1,0,0,0,1,0,0,0,0,0,0,0,0,0,LT
684,act_685,1,03:45.2,03:45.9,0,2,0,0,6,1,parlare,donna,4,1,1,1,0,0,0,0,0,1,0,0,0,0,0,0,0,LT
685,act_686,1,03:45.9,03:46.7,0,4,0,1,7,1,volgersi,,4,0,1,0,1,0,0,1,0,1,0,0,1,0,0,0,0,LT
686,act_687,1,03:46.8,03:47.3,0,1,1,1,5,1,alzarsi,,4,0,1,0,1,0,0,1,0,1,0,0,1,0,0,0,0,LT
687,act_688,1,03:46.5,03:47.3,0,3,0,1,6,1,urlare,cane,4,1,1,1,0,0,0,1,0,1,0,0,1,0,0,0,0,LT
688,act_689,1,03:47.3,03:49.6,1,4,1,1,5,1,correre ,,4,0,1,1,0,0,0,1,0,1,0,0,0,0,0,0,0,LT
689,act_690,2,03:49.7,03:50.9,1,0,1,1,2,0,sfondare,porta,4,0,1,0,1,0,0,0,0,1,0,2,1,0,0,0,0,LT
690,act_691,2,03:50.8,03:53.9,0,4,0,1,6,1,parlare,,4,0,1,1,0,0,0,0,0,1,0,0,1,0,0,0,0,LT
691,act_692,2,03:53.9,03:57.9,1,3,0,1,5,1,cercare ,cuccioli ,4,0,1,1,0,0,0,0,0,1,0,0,1,0,0,0,0,LT
692,act_693,2,03:58.3,03:59.5,0,2,0,1,6,1,esclamare ,,4,0,1,0,1,0,0,0,0,1,0,0,1,0,0,0,0,LT
693,act_694,2,03:59.6,04:01.5,0,2,0,1,6,1,urlare,donna,4,1,1,1,0,0,0,1,0,1,0,0,1,0,0,0,0,LT
694,act_695,2,04:01.6,04:06.7,0,4,0,1,6,1,parlare,,4,0,1,1,0,0,0,0,0,1,0,0,0,0,0,0,0,LT
695,act_696,2,04:01.6,04:06.4,1,3,1,1,5,1,dirigersi,porta,4,0,1,1,0,0,0,0,0,1,0,0,1,0,0,0,0,LT
696,act_697,2,04:06.6,04:07.8,0,0,1,1,2,1,aprire,porta,4,0,1,0,1,0,1,0,0,0,0,0,0,0,0,0,0,LT
697,act_698,2,04:07.8,04:11.4,1,3,0,0,5,1,cercare ,cuccioli ,4,0,1,1,0,0,0,0,0,0,0,0,0,0,0,0,0,LT
698,act_699,2,04:16.2,04:17.9,0,2,0,1,6,0,parlare,coppia,4,1,1,1,0,0,0,0,0,1,0,0,0,0,0,0,1,LT
699,act_700,2,04:17.9,04:18.8,0,2,0,1,6,1,domandare,donna,4,1,1,0,1,0,0,1,0,1,0,0,0,0,0,0,1,LT
700,act_701,2,04:17.9,04:28.5,0,2,0,1,6,1,rispondere,donna,4,1,1,0,1,0,0,0,0,1,0,0,0,0,0,0,1,LT
701,act_702,2,04:21.2,04:28.5,1,3,0,1,5,1,cercare ,cuccioli ,4,0,1,1,0,0,0,0,0,1,0,0,1,0,0,0,0,LT
702,act_703,2,04:29.0,04:34.0,1,3,0,0,5,1,avvicinarsi ,cesta,4,0,1,1,0,0,0,0,0,0,0,0,0,0,0,0,0,LT
703,act_704,2,04:38.3,04:40.1,0,3,0,0,7,1,guardare,cane,4,0,1,0,1,0,0,0,0,0,0,0,0,0,0,0,0,LT
704,act_705,2,04:47.5,04:50.9,0,2,0,1,3,1,abbracciarsi,coppia,4,1,1,1,0,0,0,2,0,1,0,1,0,0,1,0,0,LT
705,act_706,2,04:51.3,04:55.7,0,1,0,0,10,1,accovacciarsi,,4,0,1,0,0,0,0,0,0,0,0,1,0,0,0,0,0,LT
706,act_707,2,04:58.7,05:00.3,0,1,0,0,10,1,accovacciarsi,,4,0,1,0,0,0,0,0,0,0,0,1,0,0,0,0,0,LT
707,act_708,2,05:02.3,05:05.3,0,3,0,0,4,1,toccare ,muso,4,1,1,1,1,0,0,1,0,0,0,0,1,0,0,0,0,LT
708,act_709,0,05:17.1,05:23.4,0,4,0,0,6,0,guaire,,4,1,1,1,0,0,0,1,0,0,0,0,1,0,0,0,0,LT
709,act_710,0,05:18.3,05:20.5,0,1,0,0,5,1,rizzarsi,,4,0,1,0,1,0,0,0,0,0,0,0,1,0,0,0,0,LT
710,act_711,0,05:23.6,05:24.5,0,0,1,1,7,1,sporgersi,furgone,4,0,1,1,1,0,1,0,0,0,0,2,0,0,0,0,0,LT
711,act_712,0,05:24.8,05:26.0,0,4,0,0,6,1,abbaiare,cani,4,1,1,1,0,0,0,0,0,0,0,0,1,0,0,0,0,LT
712,act_713,0,05:29.1,05:31.7,0,0,1,1,2,0,aprire,porta,4,0,1,0,1,0,1,0,0,0,0,2,0,0,0,0,0,LT
713,act_714,0,05:28.9,05:32.4,0,2,0,1,6,1,parlare,uomo,4,1,1,1,0,0,0,0,0,1,0,0,0,0,0,0,0,LT
714,act_715,0,05:32.3,05:33.7,0,0,1,1,2,0,chiudere,porta,4,0,1,0,1,0,1,0,0,1,0,2,0,0,0,0,0,LT
715,act_716,0,05:34.1,05:36.0,0,2,0,1,6,1,parlare,uomo,4,1,1,1,0,0,0,0,0,1,0,0,0,0,0,0,0,LT
716,act_717,0,05:37.4,05:39.6,0,3,0,1,6,1,urlare,cani,4,1,1,1,0,0,0,0,0,1,0,0,1,0,0,0,0,LT
717,act_718,0,05:38.2,05:39.0,1,0,0,1,4,0,calciare,furgone,4,0,1,0,1,0,1,0,0,1,0,2,1,0,1,0,0,LT
718,act_719,0,05:40.8,05:42.1,0,0,1,1,2,1,aprire,portiera,4,0,1,0,1,0,1,0,0,1,0,2,0,0,0,0,0,LT
719,act_720,0,05:42.3,05:43.1,1,0,1,1,5,0,sedersi,furgone,4,0,1,0,1,0,1,0,0,0,0,2,0,0,0,0,0,LT
720,act_721,0,05:43.3,05:43.7,0,0,1,1,2,1,chiudere,portiera,4,0,1,0,1,0,1,0,0,0,0,2,0,0,0,0,0,LT
721,act_722,0,05:43.2,05:44.3,0,0,1,1,0,0,accendere,furgone,4,0,1,0,1,0,1,0,1,0,0,2,0,0,0,0,0,LT
722,act_723,0,05:44.5,05:49.3,0,0,0,1,0,0,guidare,furgone,4,0,1,1,0,0,1,0,0,0,0,2,0,0,0,0,0,LT
723,act_724,0,05:49.1,06:18.1,0,0,0,0,5,1,seguire ,furgone,4,0,1,1,0,0,0,0,0,0,0,0,0,0,0,0,0,LT
724,act_725,0,05:50.0,06:18.9,0,0,0,1,0,0,guidare,furgone,4,0,1,1,0,0,1,0,0,0,0,2,0,0,0,0,0,LT
725,act_726,0,06:18.3,06:19.5,0,3,0,0,6,1,abbaiare,cani,4,1,1,1,0,0,0,0,0,0,0,0,0,0,0,0,0,LT
726,act_727,0,06:21.2,06:26.0,0,4,0,0,5,1,correre,,4,0,1,1,0,0,0,0,0,0,0,2,0,0,0,0,0,LT
727,act_728,0,06:26.1,06:38.1,0,0,0,1,0,0,guidare ,furgone,4,0,1,0,1,0,1,0,0,0,0,2,0,0,0,0,0,LT
728,act_729,0,06:38.3,06:40.1,0,0,0,1,0,0,frenare ,furgone,4,0,1,0,1,0,1,0,0,0,0,2,0,0,0,0,0,LT
729,act_730,1,06:40.4,06:44.3,0,2,0,1,6,0,parlare,ricetrasmittente,4,1,1,1,0,0,1,0,1,0,0,0,0,0,0,0,1,LT
730,act_731,1,06:45.8,06:47.6,0,2,0,1,6,1,parlare,donna,4,1,1,1,0,0,0,0,0,1,0,0,0,0,0,0,1,LT
731,act_732,1,06:48.1,06:49.6,0,2,0,1,0,1,stringere ,mano,4,1,1,0,1,0,0,2,0,1,0,1,0,0,1,0,1,LT
732,act_733,1,06:48.0,06:48.9,0,2,0,1,6,1,ringraziare ,poliziotto,4,1,1,0,0,0,0,0,0,1,0,1,0,0,0,0,1,LT
733,act_734,1,06:49.1,06:50.0,0,2,0,1,6,1,salutare,donna,4,1,1,0,1,0,0,0,0,1,0,0,0,0,0,0,1,LT
734,act_735,1,06:50.0,06:50.3,0,2,0,1,6,1,salutare,poliziotto,4,1,1,0,1,0,0,0,0,1,0,0,0,0,0,0,1,LT
735,act_736,2,06:51.4,06:51.7,0,0,0,1,2,1,chiudere,porta,4,0,1,0,1,0,1,0,0,0,0,2,0,0,0,0,0,LT
736,act_737,2,06:52.5,06:57.6,0,2,0,1,6,1,parlare,coppia,4,1,1,1,0,0,0,0,0,1,0,0,0,0,0,0,1,LT
737,act_738,2,06:57.8,06:58.5,0,2,0,1,6,0,parlare,donna,4,1,1,1,0,0,0,0,0,1,0,0,1,0,0,0,1,LT
738,act_739,2,06:57.8,06:58.9,0,1,0,1,5,1,alzarsi,,4,0,1,0,1,0,0,0,0,1,0,0,0,0,0,0,1,LT
739,act_740,2,06:59.1,07:00.5,0,0,1,1,5,0,sedersi,poltrona,4,0,1,0,1,0,1,0,0,1,0,2,0,0,0,0,0,LT
740,act_741,2,07:00.5,07:01.5,0,2,0,1,6,1,domandare,uomo,4,1,1,0,1,0,0,0,0,1,0,0,0,0,0,0,1,LT
741,act_742,2,07:01.8,07:10.4,0,2,0,1,6,0,rispondere,donna,4,1,1,1,0,0,0,0,0,1,0,0,1,0,0,0,1,LT
742,act_743,2,06:59.5,07:13.3,1,4,0,1,5,0,camminare,,4,0,1,1,0,1,0,0,0,0,0,0,0,0,0,0,0,LT
743,act_744,2,07:15.0,07:19.8,1,1,1,0,5,0,salire,scale,4,0,1,1,1,1,0,0,0,0,0,0,0,0,0,0,0,LT
744,act_745,1,07:20.8,07:21.6,1,1,1,0,7,0,aprire,finestra,4,0,1,0,1,0,0,0,0,0,0,2,0,0,0,0,0,LT
745,act_746,1,07:22.3,07:22.7,1,1,1,0,5,0,saltare ,cornicione,4,0,1,0,1,0,0,0,0,0,0,2,0,0,0,0,0,LT
746,act_747,1,07:24.7,07:36.4,0,4,1,0,6,1,abbaiare,,4,1,1,1,0,0,0,0,0,0,0,0,0,0,0,0,0,LT
747,act_748,1,07:40.0,07:42.7,0,3,0,0,6,0,abbaiare,cane,4,1,1,1,0,0,0,2,0,0,0,0,0,0,0,0,0,LT
748,act_749,1,07:43.2,07:44.9,0,3,0,0,6,1,abbaiare,cane,4,1,1,1,0,0,0,2,0,0,0,0,0,0,0,0,0,LT
749,act_750,1,07:45.4,07:53.2,0,3,0,0,6,1,abbaiare,cane,4,1,1,1,0,0,0,2,0,0,0,0,0,0,0,0,0,LT
750,act_751,1,07:53.9,08:00.8,0,3,0,0,6,1,abbaiare,cane,4,1,1,1,0,0,0,2,0,0,0,0,0,0,0,0,0,LT
751,act_752,1,08:01.3,08:07.2,0,3,0,0,6,1,abbaiare,cane,4,1,1,1,0,0,0,2,0,0,0,0,0,0,0,0,0,LT
752,act_753,1,08:07.4,08:09.2,0,3,0,0,6,1,abbaiare,cane,4,1,1,1,0,0,0,2,0,0,0,0,0,0,0,0,0,LT
753,act_754,0,08:09.8,08:16.0,0,3,0,0,6,0,abbaiare,cani,4,1,1,1,0,0,0,2,0,0,0,0,0,0,0,0,0,LT
754,act_755,0,08:16.1,08:18.8,0,3,0,0,6,1,abbaiare,cane,4,1,1,1,0,0,0,2,0,0,0,0,0,0,0,0,0,LT
755,act_756,0,08:19.1,08:25.5,0,3,0,0,6,0,abbaiare,cani,4,1,1,1,0,0,0,2,0,0,0,0,0,0,0,0,0,LT
756,act_757,0,08:25.6,08:27.4,0,3,0,0,6,1,nitrire ,cane,4,1,1,1,0,0,0,2,0,0,0,0,0,0,0,0,0,LT
757,act_758,0,08:27.9,08:32.9,0,1,0,0,10,1,svegliarsi ,,4,0,0,0,0,0,0,0,0,0,0,0,0,0,0,0,0,LT
758,act_759,0,08:34.6,08:36.2,0,1,1,0,4,1,aggrapparsi,stalla,4,0,1,0,1,0,1,0,0,0,0,2,0,0,0,0,0,LT
759,act_760,0,08:39.1,08:50.4,0,3,0,0,6,0,abbaiare,cani,4,1,1,1,0,0,0,2,0,0,0,0,0,0,0,0,0,LT
760,act_761,0,08:40.6,08:50.4,0,1,0,0,10,1,svegliarsi ,,4,0,0,0,0,0,0,1,0,0,0,0,0,0,0,0,0,LT
761,act_762,0,08:53.2,08:54.9,1,4,0,0,5,1,muoversi,,4,0,1,1,1,0,0,1,0,0,0,0,0,0,0,0,0,LT
762,act_763,0,08:55.5,08:58.9,1,4,0,0,5,1,correre ,filo,4,0,1,1,0,0,0,1,0,0,0,2,0,0,0,0,0,LT
763,act_764,0,08:59.0,09:02.4,1,4,0,0,5,1,muoversi,,4,0,1,1,1,0,0,0,0,0,0,2,0,0,0,0,0,LT
764,act_765,0,09:02.4,09:04.2,1,1,0,0,10,1,infilarsi ,buco,4,0,1,1,1,0,0,0,0,0,0,2,0,0,0,0,0,LT
765,act_766,0,09:04.4,09:09.8,1,4,0,0,5,1,correre ,,4,0,1,1,0,0,0,0,0,0,0,2,0,0,0,0,0,LT
766,act_767,0,09:10.0,09:10.4,0,3,0,0,6,1,gracchiare,,4,1,1,1,0,0,0,0,0,0,0,0,0,0,0,0,0,LT
767,act_768,0,09:10.1,09:12.8,1,4,1,0,10,1,volare,,4,0,1,1,0,0,0,0,0,0,0,2,0,0,0,0,0,LT
768,act_769,0,09:12.8,09:13.7,1,0,1,0,5,1,atterrare,cornicione,4,0,1,0,1,0,0,0,0,0,0,2,0,0,0,0,0,LT
769,act_770,0,09:14.0,09:14.9,1,4,1,0,10,1,volare,,4,0,1,1,0,0,0,0,0,0,0,2,0,0,0,0,0,LT
770,act_771,0,09:15.0,09:15.3,1,0,1,0,5,1,atterrare,trave,4,0,1,0,1,0,0,0,0,0,0,2,0,0,0,0,0,LT
771,act_772,0,09:16.1,09:18.6,0,3,0,0,6,1,gracchiare,,4,1,1,1,0,0,0,0,0,0,0,0,0,0,0,0,0,LT
772,act_773,0,09:21.0,09:26.9,0,3,0,0,6,1,abbaiare,cane,4,1,1,1,0,0,0,2,0,0,0,0,0,0,0,0,0,LT
773,act_774,0,09:27.2,09:31.9,0,3,0,0,6,1,abbaiare,cane,4,1,1,1,0,0,0,2,0,0,0,0,0,0,0,0,0,LT
774,act_775,1,09:32.0,09:38.9,0,3,0,0,6,0,abbaiare,cani,4,1,1,1,0,0,0,2,0,0,0,0,0,0,0,0,0,LT
775,act_776,1,09:39.7,09:42.6,1,4,1,0,5,1,correre ,,4,0,1,1,0,0,0,0,0,0,0,0,0,0,0,0,0,LT
776,act_777,1,09:43.9,09:48.8,0,3,0,0,6,1,abbaiare,cane,4,1,1,1,0,0,0,0,0,0,0,0,0,0,0,0,0,LT
777,act_778,2,09:46.2,09:49.5,1,3,0,0,5,1,accorrere,cane,4,0,1,1,0,0,0,1,0,0,0,0,0,0,0,0,0,LT
778,act_779,2,09:49.7,09:50.1,0,1,1,0,4,1,aggrapparsi,finestra,4,0,1,0,1,0,1,0,0,0,0,2,1,0,0,0,0,LT
779,act_780,2,09:49.8,09:50.3,0,1,1,0,4,1,bussare,finestra,4,0,1,0,1,0,1,0,0,0,0,2,1,0,0,0,0,LT
780,act_781,2,09:48.9,09:49.2,0,3,0,0,6,1,abbaiare,cane,4,1,1,1,0,0,0,0,0,0,0,0,1,0,0,0,0,LT
781,act_782,1,09:50.9,09:52.5,0,3,0,0,6,1,abbaiare,cane,4,1,1,1,0,0,0,0,0,0,0,0,1,0,0,0,0,LT
782,act_783,2,09:52.6,09:54.9,0,3,0,0,6,1,abbaiare,cane,4,1,1,1,0,0,0,0,0,0,0,0,0,0,0,0,0,LT
783,act_784,2,09:55.0,09:55.5,0,1,1,0,5,1,scendere,divano,4,0,1,0,1,0,1,0,0,0,0,0,0,0,0,0,0,LT
784,act_785,2,09:55.5,09:58.3,1,1,1,0,5,1,precipitarsi,ingresso,4,0,1,0,1,0,0,1,0,0,0,0,0,0,0,0,0,LT
785,act_786,2,09:59.1,10:01.3,0,1,1,0,4,1,aprire ,porta,4,0,1,0,1,0,1,0,1,0,0,0,1,0,0,0,0,LT
786,act_787,2,10:01.3,10:01.9,0,0,0,1,1,0,leggere,giornale,4,0,1,0,0,0,1,0,0,1,0,2,0,0,0,0,0,LT
787,act_788,2,10:02.0,10:02.3,0,0,1,1,1,0,chiudere,giornale,4,0,1,0,0,1,1,0,0,1,0,2,1,0,0,0,0,LT
788,act_789,2,10:02.5,10:02.9,0,3,0,1,6,1,urlare,cane,4,1,1,1,0,0,0,0,0,1,0,0,1,0,0,0,0,LT
789,act_790,1,10:02.9,10:04.6,1,4,0,0,5,1,correre ,,4,0,1,1,0,0,0,1,0,0,0,0,0,0,0,0,0,LT
790,act_791,1,10:04.8,10:05.3,0,1,1,1,5,1,uscire,porta,4,0,1,0,1,0,0,0,0,1,0,0,1,0,0,0,0,LT
791,act_792,1,10:05.3,10:05.9,0,3,0,1,6,1,urlare,cane,4,1,1,1,0,0,0,0,0,1,0,0,1,0,0,0,0,LT
792,act_793,1,10:06.0,10:06.9,1,1,1,0,5,1,scendere,gradini,4,0,1,1,1,1,0,0,0,1,0,0,1,0,0,0,0,LT
793,act_794,1,10:06.9,10:08.3,1,3,1,0,5,1,rincorrere,cane,4,1,1,1,0,0,0,0,0,1,0,0,1,0,0,0,0,LT
794,act_795,1,10:08.2,10:09.5,0,3,0,1,6,1,urlare,cane,4,1,1,1,0,0,0,0,0,1,0,0,1,0,0,0,0,LT
795,act_796,1,10:09.1,10:22.5,1,4,0,0,5,1,correre ,,4,0,1,1,0,0,0,2,0,0,0,0,0,0,0,0,0,LT
796,act_797,1,10:24.2,10:24.7,0,3,0,0,6,1,abbaiare,cane,4,1,1,1,0,0,0,0,0,0,0,0,0,0,0,0,0,LT
797,act_798,1,10:25.1,10:39.0,1,4,0,0,5,1,correre ,,4,0,1,1,0,0,0,2,0,0,0,0,0,0,0,0,0,LT
798,act_799,1,10:38.2,10:38.5,1,4,0,0,5,1,fermarsi,,4,0,1,1,0,0,0,0,0,0,0,0,0,0,0,0,0,LT
799,act_800,1,10:39.0,10:45.2,1,4,0,0,5,1,correre ,,4,0,1,1,0,0,0,2,0,0,0,0,0,0,0,0,0,LT
800,act_801,0,00:10.8,00:14.0,0,0,1,0,4,1,spingere ,cancello,5,0,1,1,0,0,1,0,0,0,0,2,0,0,0,0,0,LT
801,act_802,0,00:19.7,00:26.9,1,4,1,0,10,0,infilarsi,cancello,5,0,1,1,0,0,1,0,0,0,0,2,0,0,0,0,0,LT
802,act_803,0,00:35.1,00:36.1,0,0,1,0,4,1,raspare ,porta,5,0,1,1,0,1,1,0,0,0,0,2,0,0,0,0,0,LT
803,act_804,0,00:36.2,00:36.8,0,0,1,0,4,1,aprire,porta,5,0,1,0,1,0,1,0,0,0,0,2,0,0,0,0,0,LT
804,act_805,0,00:37.1,00:38.6,0,0,0,0,5,1,entrare,porta,5,0,1,0,1,0,0,0,0,0,0,2,0,0,0,0,0,LT
805,act_806,2,00:43.1,00:44.9,0,1,0,0,10,1,accovacciarsi,,5,0,1,0,0,0,0,0,0,0,0,0,0,0,0,0,0,LT
806,act_807,2,00:45.1,00:46.9,0,1,0,0,10,1,gattonare,,5,0,1,0,0,0,0,0,0,0,0,0,0,0,0,0,0,LT
807,act_808,2,00:47.1,00:48.7,0,0,0,0,7,1,sporgersi,buco,5,0,1,0,1,0,0,0,0,0,0,0,0,0,0,0,0,LT
808,act_809,2,00:52.7,01:04.8,1,0,0,0,5,1,esplorare ,castello,5,0,1,1,0,0,0,0,0,0,0,0,0,0,0,0,0,LT
809,act_810,2,01:05.9,01:10.0,1,1,0,0,5,1,scendere,gradini,5,0,1,1,1,0,1,0,0,0,0,2,0,0,0,0,0,LT
810,act_811,2,01:11.0,01:15.9,0,2,0,1,6,1,parlare,uomo,5,1,1,1,0,0,0,0,0,1,0,0,1,0,0,0,0,LT
811,act_812,2,01:15.9,01:18.0,0,2,0,1,5,1,avvicinarsi,uomini,5,0,1,1,0,0,0,0,0,1,0,0,0,0,0,0,0,LT
812,act_813,2,01:16.9,01:25.1,0,2,0,1,6,1,parlare,uomo,5,1,1,1,0,0,0,0,0,1,0,0,1,0,0,1,0,LT
813,act_814,2,01:25.1,01:33.3,0,2,0,1,6,1,parlare,uomo,5,1,1,1,0,0,0,0,0,1,0,0,1,0,0,1,0,LT
814,act_815,2,01:25.1,01:25.9,1,0,0,1,3,1,scostare,coperta,5,0,1,0,1,0,1,0,0,1,0,2,1,0,0,0,0,LT
815,act_816,2,01:25.8,01:26.2,0,0,1,1,0,1,toccarsi,cappello,5,0,1,0,1,0,1,0,0,1,0,2,0,0,0,0,0,LT
816,act_817,2,01:31.5,01:32.9,1,0,0,1,3,1,rimboccarsi,coperta,5,0,1,0,1,0,1,0,0,1,0,2,0,0,0,0,0,LT
817,act_818,2,01:34.9,01:35.4,0,2,0,1,6,1,parlare,uomo,5,1,1,1,0,0,0,0,0,1,0,0,1,0,0,0,0,LT
818,act_819,2,01:34.6,01:36.7,0,1,0,1,10,1,stendersi,pavimento,5,0,1,0,1,0,1,0,0,1,0,2,0,0,0,0,0,LT
819,act_820,2,01:40.9,01:48.2,1,1,0,0,5,1,salire,gradini,5,0,1,1,1,0,1,0,0,0,0,2,0,0,0,0,0,LT
820,act_821,2,01:43.1,01:52.0,1,1,1,0,7,1,fiutare,gradini,5,0,1,1,1,0,1,0,0,0,0,2,0,0,0,0,0,LT
821,act_822,2,01:53.0,02:03.1,0,0,1,0,10,1,spingere ,porta,5,0,1,1,0,1,1,0,0,0,0,0,0,0,0,0,0,LT
822,act_823,2,02:01.5,02:01.8,0,3,0,0,6,1,guaire,cane,5,1,1,1,0,0,0,0,0,0,0,0,0,0,0,0,0,LT
823,act_824,2,02:04.3,02:05.4,1,0,1,0,4,1,spostare,coperchio,5,0,1,0,1,0,1,0,0,0,0,2,0,0,0,0,0,LT
824,act_825,2,02:05.7,02:11.8,1,1,1,0,10,1,infilarsi ,buco,5,0,1,0,1,0,1,0,0,0,0,2,0,0,0,0,0,LT
825,act_826,2,02:12.0,02:13.6,1,1,1,0,4,1,aprire,botola,5,0,1,0,1,0,1,0,0,0,0,2,0,0,0,0,0,LT
826,act_827,2,02:17.0,02:17.8,1,1,0,0,10,1,uscire,buco,5,0,1,0,1,0,1,0,0,0,0,2,0,0,0,0,0,LT
827,act_828,2,02:18.3,02:46.9,0,3,0,0,5,1,accorrere,cane,5,1,1,1,0,0,0,1,0,0,0,0,1,0,0,0,0,LT
828,act_829,2,02:18.3,02:46.9,0,3,0,0,6,1,abbaiare,cane,5,1,1,1,0,0,0,1,0,0,0,0,1,0,0,0,0,LT
829,act_830,1,02:47.5,02:50.6,0,0,0,1,0,0,guidare,macchina,5,0,1,1,0,0,1,0,0,0,0,2,0,0,0,0,0,LT
830,act_831,2,02:49.5,02:51.1,0,2,0,1,6,0,domandare,uomo,5,1,1,0,1,0,0,0,0,1,0,0,0,0,0,0,0,LT
831,act_832,2,02:52.0,02:55.9,0,2,0,1,6,1,rispondere,donna,5,1,1,1,0,0,0,0,0,1,0,0,0,0,0,0,1,LT
832,act_833,2,02:53.5,02:55.6,0,0,1,1,2,1,passare,tazza,5,0,1,0,1,0,1,2,0,1,0,2,0,0,0,0,1,LT
833,act_834,2,02:54.1,02:56.1,0,0,1,1,2,1,prendere,tazza,5,0,1,0,1,0,1,2,0,1,0,2,0,0,0,0,1,LT
834,act_835,2,02:55.7,02:56.7,0,2,0,1,6,1,domandare,donna,5,1,1,0,1,0,0,0,0,1,0,0,1,0,0,0,1,LT
835,act_836,2,02:56.8,03:11.1,0,2,0,1,6,1,parlare,donna,5,1,1,1,0,0,0,0,0,1,0,0,1,0,0,0,0,LT
836,act_837,2,02:59.2,03:00.1,0,0,0,1,1,0,appoggiare,tazza,5,0,1,0,1,0,1,0,0,1,0,2,0,0,0,0,0,LT
837,act_838,2,03:01.4,03:02.1,0,0,0,1,10,1,sedersi,sedia,5,0,1,0,1,0,1,0,0,1,0,2,0,0,0,0,1,LT
838,act_839,2,03:07.2,03:08.1,0,0,1,1,0,0,avvicinare,tazza,5,1,1,0,1,0,1,0,0,1,0,0,0,0,0,0,0,LT
839,act_840,2,03:11.5,03:11.8,0,2,0,1,6,1,chiamare,uomo,5,1,1,0,1,0,0,0,0,1,0,1,1,0,0,0,1,LT
840,act_841,2,03:12.5,03:13.3,0,2,0,1,6,1,domandare,donna,5,1,1,0,1,0,0,0,0,1,0,1,1,0,0,0,1,LT
841,act_842,2,03:14.3,03:15.9,0,2,0,1,6,1,domandare,donna,5,1,1,0,1,0,0,0,0,1,0,0,0,1,0,0,1,LT
842,act_843,2,03:16.2,03:16.9,0,0,0,1,1,1,appoggiare,tazza,5,0,1,0,1,0,1,0,0,1,0,2,1,0,0,0,1,LT
843,act_844,2,03:16.9,03:18.3,0,2,0,1,6,1,rispondere,donna,5,1,1,0,1,0,0,0,0,1,0,0,0,0,0,0,1,LT
844,act_845,2,03:18.4,03:19.0,1,0,1,1,5,1,alzarsi,sedia,5,0,1,0,1,0,0,0,0,1,0,2,1,0,0,0,1,LT
845,act_846,2,03:19.0,03:20.4,1,1,1,1,5,0,precipitarsi,camera,5,0,1,0,1,0,0,0,0,0,0,0,1,0,0,0,0,LT
846,act_847,2,03:20.0,03:20.3,0,2,0,1,6,1,chiamare,donna,5,1,1,0,1,0,0,0,0,0,0,0,1,0,0,0,0,LT
847,act_848,2,03:21.2,03:22.6,0,0,1,1,0,1,aprire ,raccoglitore,5,0,1,0,1,0,1,0,0,0,0,2,1,0,0,0,0,LT
848,act_849,2,03:22.7,03:29.6,0,0,1,1,0,1,sfogliare ,raccoglitore,5,0,1,1,0,1,1,0,0,1,0,2,1,0,0,0,0,LT
849,act_850,2,03:33.0,03:33.4,0,0,0,1,1,0,prendere ,disegno,5,0,1,0,1,0,1,0,0,1,0,2,0,0,0,0,0,LT
850,act_851,2,03:33.2,03:34.2,1,0,1,1,5,1,alzarsi,sedia,5,0,1,0,1,0,0,0,0,1,0,0,1,0,0,0,0,LT
851,act_852,2,03:35.0,03:37.6,0,2,0,1,6,1,parlare,uomo,5,1,1,1,0,0,0,0,0,1,0,0,0,1,0,0,0,LT
852,act_853,2,03:37.7,03:38.4,0,0,0,1,0,1,mostrare,disegno,5,0,1,0,0,0,1,0,0,1,0,2,0,1,0,0,0,LT
853,act_854,2,03:38.2,03:38.9,0,0,0,1,1,1,prendere ,disegno,5,0,1,0,1,0,1,0,0,1,0,2,0,0,0,0,0,LT
854,act_855,2,03:44.0,03:45.0,0,2,0,1,6,1,parlare,uomo,5,1,1,1,0,0,0,0,0,1,0,0,1,0,0,0,0,LT
855,act_856,2,03:47.0,04:02.2,0,2,0,1,6,1,parlare,telefono,5,1,1,1,0,0,1,0,1,1,0,2,1,0,0,0,0,LT
856,act_857,2,03:47.0,04:02.2,1,4,0,1,5,1,camminare,,5,0,1,1,0,0,0,0,0,1,0,0,0,0,0,0,0,LT
857,act_858,2,04:02.9,04:06.9,0,2,0,1,6,1,parlare,uomo,5,1,1,1,0,0,0,0,0,1,0,0,0,1,0,0,0,LT
858,act_859,2,04:04.7,04:07.1,0,0,0,1,0,1,riporre,orologio,5,0,1,0,1,0,1,0,0,1,0,2,0,0,0,0,0,LT
859,act_860,2,04:07.3,04:08.6,0,2,0,1,6,1,domandare,uomo,5,1,1,0,1,0,0,0,0,1,0,0,0,0,0,0,0,LT
860,act_861,2,04:08.8,04:12.9,0,2,0,1,6,1,rispondere,uomo,5,1,1,0,1,0,0,0,0,1,0,0,0,1,0,0,0,LT
861,act_862,2,04:09.5,04:10.8,0,0,1,0,2,1,afferrare ,attizzatoio,5,0,1,0,1,0,1,0,0,0,0,2,0,1,0,0,0,LT
862,act_863,2,04:11.2,04:12.5,0,0,1,0,1,1,impugnare,attizzatoio,5,0,1,0,1,0,1,0,0,0,0,2,0,1,0,0,0,LT
863,act_864,2,04:13.2,04:13.8,1,2,0,1,3,1,colpire ,tavolo,5,0,1,0,1,0,0,0,1,0,0,2,1,0,0,0,0,LT
864,act_865,2,04:16.8,04:19.9,0,0,0,0,2,1,spezzare,tavolo,5,0,1,0,1,0,0,0,0,0,0,0,0,1,0,0,0,LT
865,act_866,2,04:24.6,04:26.7,1,1,0,0,10,1,uscire,buco,5,0,1,0,1,0,1,0,0,0,0,2,0,0,0,0,0,LT
866,act_867,2,04:27.3,04:32.8,0,2,0,0,5,1,seguire ,cane,5,0,1,1,0,0,0,1,0,0,0,2,0,0,0,0,0,LT
867,act_868,2,04:27.9,04:32.8,1,1,0,0,5,1,scendere,gradini,5,0,1,1,1,0,1,1,0,0,0,2,0,0,0,0,0,LT
868,act_869,2,04:32.9,04:36.9,1,1,0,0,10,1,entrare,buco,5,0,1,0,1,0,1,1,0,0,0,2,0,0,0,0,0,LT
869,act_870,2,04:37.0,04:38.9,1,1,0,0,5,1,scendere,gradini,5,0,1,1,1,0,1,1,0,0,0,2,0,0,0,0,0,LT
870,act_871,2,04:42.8,04:45.9,1,1,0,0,5,1,salire,gradini,5,0,1,1,1,0,1,1,0,0,0,2,0,0,0,0,0,LT
871,act_872,2,04:46.0,04:49.3,1,1,0,0,10,1,entrare,buco,5,0,1,0,1,0,1,1,0,0,0,2,0,0,0,0,0,LT
872,act_873,2,04:55.0,05:00.6,1,1,0,0,5,1,salire,gradini,5,0,1,1,1,0,1,1,0,0,0,2,0,0,0,0,0,LT
873,act_874,2,05:01.5,05:02.3,0,4,1,1,10,1,voltarsi ,,5,0,1,0,1,0,0,0,0,0,0,0,0,0,0,0,0,LT
874,act_875,2,05:03.3,05:04.6,1,1,0,0,5,1,salire,gradini,5,0,1,1,1,0,1,1,0,0,0,2,0,0,0,0,0,LT
875,act_876,2,05:04.8,05:07.9,1,1,0,0,5,1,salire,gradini,5,0,1,1,1,0,1,0,0,0,0,2,0,0,0,0,0,LT
876,act_877,0,05:08.0,05:11.6,1,1,0,0,5,1,salire,gradini,5,0,1,1,1,0,1,0,0,0,0,2,0,0,0,0,0,LT
877,act_878,0,05:11.5,05:14.7,1,1,0,0,5,1,salire,gradini,5,0,1,1,1,0,1,1,0,0,0,2,0,0,0,0,0,LT
878,act_879,0,05:11.9,05:12.5,0,0,1,0,7,1,aprire,porta,5,0,1,0,1,0,1,0,0,0,0,2,0,0,0,0,0,LT
879,act_880,0,05:15.2,05:19.6,1,4,0,0,5,1,correre ,,5,0,1,1,0,0,0,1,0,0,0,2,0,0,0,0,0,LT
880,act_881,0,05:22.1,05:28.6,0,3,1,0,6,1,infilare,cuccioli ,5,0,1,0,1,1,0,0,0,0,0,1,0,0,0,0,0,LT
881,act_882,0,05:25.9,05:30.5,1,4,0,0,5,1,correre ,,5,0,1,1,0,0,0,1,0,0,0,0,0,0,0,0,0,LT
882,act_883,0,05:30.6,05:31.3,0,3,0,0,6,1,abbaiare ,cuccioli ,5,1,1,1,0,0,0,0,0,0,0,0,0,0,0,0,0,LT
883,act_884,0,05:31.3,05:35.2,1,4,0,0,5,1,correre ,,5,0,1,1,0,0,0,1,0,0,0,0,0,0,0,0,0,LT
884,act_885,0,05:35.3,05:38.6,1,4,0,0,10,1,infilarsi ,cancello ,5,0,1,0,1,0,1,1,0,0,0,0,0,0,0,0,0,LT
885,act_886,0,05:38.6,05:41.1,1,4,0,0,5,1,correre ,,5,0,1,1,0,0,0,1,0,0,0,0,0,0,0,0,0,LT
886,act_887,0,05:41.1,05:45.2,0,2,0,0,6,1,abbaiare ,uomo,5,1,1,1,0,0,0,0,0,0,0,0,1,0,0,0,0,LT
887,act_888,0,05:41.1,05:41.9,0,4,0,0,7,1,voltarsi ,,5,0,1,0,1,0,0,0,0,1,0,0,0,0,0,0,0,LT
888,act_889,0,05:45.4,05:49.8,0,3,0,1,6,1,parlare,cucciolo ,5,1,1,1,0,0,0,0,0,1,0,0,1,0,0,0,0,LT
889,act_890,0,05:46.4,05:49.8,1,3,0,1,10,1,avventarsi,cucciolo,5,0,1,0,1,0,0,0,0,1,0,0,1,0,0,0,0,LT
890,act_891,0,05:58.8,06:02.3,0,2,0,0,6,1,abbaiare ,uomo,5,1,1,1,0,0,0,0,0,0,0,0,1,0,0,0,0,LT
891,act_892,0,06:00.5,06:01.5,1,1,0,0,5,1,scendere,gradini,5,0,1,1,1,0,1,0,0,0,0,0,0,0,0,0,0,LT
892,act_893,0,06:02.5,06:02.8,0,3,0,0,6,1,abbaiare ,cucciolo,5,1,1,1,0,0,0,0,0,0,0,0,1,0,0,0,0,LT
893,act_894,0,06:03.5,06:06.6,1,2,0,0,5,1,seguire ,cane,5,0,1,1,0,0,0,0,0,0,0,2,0,0,0,0,0,LT
894,act_895,0,06:03.6,06:06.6,1,1,0,0,5,1,salire,gradini,5,0,1,1,1,0,1,0,0,0,0,2,0,0,0,0,0,LT
895,act_896,0,06:07.8,06:09.0,0,1,0,1,10,1,emergere,acqua,5,0,1,0,1,0,0,0,0,0,0,0,1,0,0,0,0,LT
896,act_897,0,06:10.6,06:14.3,0,4,0,1,6,1,parlare,,5,0,1,1,0,0,0,0,0,0,0,0,1,0,0,0,0,LT
897,act_898,0,06:13.7,06:16.2,0,0,0,1,4,1,aggrapparsi,ghiaccio,5,1,1,0,0,0,0,0,0,0,0,0,1,0,0,0,0,LT
898,act_899,0,06:16.4,06:17.9,1,4,0,0,5,1,correre ,,5,0,1,1,0,0,0,1,0,0,0,2,0,0,0,0,0,LT
899,act_900,0,06:18.3,06:19.2,0,1,0,0,10,1,infilarsi ,tubo,5,0,1,0,1,0,0,0,0,0,0,2,0,0,0,0,0,LT
900,act_901,0,06:20.9,06:26.5,1,4,0,0,5,1,correre ,,5,0,1,1,0,0,0,0,0,0,0,0,0,0,0,0,0,LT
901,act_902,0,06:24.5,06:27.5,1,4,0,0,5,1,correre ,,5,0,1,1,0,0,0,0,0,0,0,0,0,0,0,0,0,LT
902,act_903,0,06:27.3,06:28.0,1,4,0,0,10,1,sgusciare,cancello ,5,0,1,0,1,0,1,0,0,0,0,2,0,0,0,0,0,LT
903,act_904,0,06:28.1,06:30.3,1,4,0,0,10,1,sgusciare,cancello ,5,0,1,0,1,0,1,0,0,0,0,2,0,0,0,0,0,LT
904,act_905,0,06:30.4,06:54.1,0,0,0,1,1,0,guidare,macchina,5,0,1,1,0,0,1,0,0,0,0,0,1,0,0,0,0,LT
905,act_906,0,06:54.2,06:56.4,0,0,0,1,4,0,frenare,macchina,5,0,1,1,0,0,1,0,0,0,0,0,1,0,0,0,0,LT
906,act_907,0,06:56.6,06:57.4,0,0,1,1,2,1,aprire,portiera,5,0,1,0,1,0,1,0,0,0,0,2,0,0,0,0,0,LT
907,act_908,0,06:57.2,06:58.1,0,1,1,1,5,1,scendere,macchina,5,0,1,0,1,0,1,0,0,0,0,0,0,0,0,0,0,LT
908,act_909,0,06:57.5,06:59.5,0,0,0,1,6,1,fumare ,sigaretta,5,0,1,0,1,0,1,0,1,1,0,2,1,0,0,0,0,LT
909,act_910,0,07:00.8,07:05.3,0,2,0,1,6,1,salutare,donna,5,1,1,0,1,0,0,0,0,1,0,0,0,1,0,0,0,LT
910,act_911,0,07:05.6,07:06.9,0,2,0,1,6,1,domandare,uomo,5,1,1,0,1,0,0,0,0,1,0,0,1,0,0,0,0,LT
911,act_912,0,07:07.1,07:10.5,0,2,0,1,6,1,rispondere,donna,5,1,1,0,1,0,0,0,0,1,0,0,1,0,0,0,0,LT
912,act_913,0,07:12.1,07:15.4,0,2,0,1,6,1,domandare,uomo,5,1,1,0,1,0,0,0,0,1,0,0,0,1,0,0,0,LT
913,act_914,0,07:15.6,07:27.1,0,2,0,1,6,1,rispondere,donna,5,1,1,0,1,0,0,0,0,1,0,0,1,0,1,0,0,LT
914,act_915,0,07:27.8,07:28.5,0,2,0,1,6,1,chiamare,uomo,5,1,1,0,1,0,0,0,0,1,0,0,0,0,0,0,0,LT
915,act_916,0,07:30.0,07:34.6,0,2,0,1,6,1,ordinare,uomo,5,1,1,0,1,0,0,0,0,1,0,0,1,0,0,0,0,LT
916,act_917,0,07:34.6,07:35.3,0,0,1,1,1,1,mettersi,cappello,5,0,1,0,1,0,1,0,0,1,0,2,0,0,0,0,0,LT
917,act_918,0,07:37.3,07:42.4,0,4,0,1,6,1,parlare,,5,0,1,1,0,0,0,0,0,1,0,0,1,0,0,0,0,LT
918,act_919,0,07:37.4,07:39.2,0,1,1,1,5,1,entrare,macchina,5,0,1,0,1,0,1,0,0,1,0,2,0,0,0,0,0,LT
919,act_920,0,07:42.0,07:42.2,0,0,1,1,2,0,chiudere,portiera,5,0,1,0,1,0,1,0,0,1,0,2,0,0,0,0,0,LT
920,act_921,0,07:42.3,07:43.3,0,0,1,1,0,0,accendere,macchina,5,0,1,0,1,0,1,0,1,0,0,2,0,0,0,0,0,LT
921,act_922,0,07:43.0,07:47.0,0,0,1,1,1,0,guidare ,macchina,5,0,1,1,0,0,1,0,0,0,0,2,1,0,0,0,0,LT
922,act_923,1,07:49.8,07:51.6,1,1,0,1,5,1,scendere,gradini,5,0,1,1,1,0,1,1,0,1,0,0,1,0,0,0,1,LT
923,act_924,1,00:11.3,00:12.4,0,1,1,1,5,1,uscire ,portone,6,0,1,0,1,0,0,1,0,1,0,0,0,0,0,0,0,LT
924,act_925,1,00:12.3,00:15.2,1,1,0,1,5,1,scendere,gradini,6,0,1,1,1,0,1,1,0,1,0,0,0,0,0,0,0,LT
925,act_926,1,00:10.6,00:13.8,1,0,0,1,3,1,trasportare ,pelliccia,6,0,1,1,0,0,1,0,0,1,0,2,0,0,0,0,0,LT
926,act_927,1,00:15.2,00:31.3,0,2,0,1,6,1,parlare,coppia,6,1,1,1,0,0,0,0,0,1,0,0,0,0,0,0,1,LT
927,act_928,1,00:31.3,00:34.0,0,2,0,1,7,1,abbracciarsi,coppia,6,1,1,1,0,0,0,2,0,1,0,1,1,0,0,0,0,LT
928,act_929,0,00:41.0,00:45.0,0,3,0,0,6,1,gracchiare,,6,1,1,1,0,0,0,0,0,0,0,0,0,0,0,0,0,LT
929,act_930,0,00:45.8,00:46.1,0,3,0,0,6,1,abbaiare ,,6,1,1,1,0,0,0,0,0,0,0,0,0,0,0,0,0,LT
930,act_931,0,00:46.4,00:51.1,1,1,0,0,5,1,entrare,stalla,6,0,1,0,1,0,1,1,0,0,0,2,0,0,0,0,0,LT
931,act_932,2,00:52.5,00:55.9,1,1,0,0,5,1,scendere,gradini,6,0,1,1,1,0,1,1,0,0,0,2,0,0,0,0,0,LT
932,act_933,2,01:00.0,01:05.2,1,1,0,0,5,1,salire,scala,6,0,1,1,1,0,1,1,0,0,0,2,0,0,0,0,0,LT
933,act_934,2,01:10.1,01:11.9,0,3,0,0,6,1,muggire,,6,1,1,1,0,0,0,0,0,0,0,0,0,0,0,0,0,LT
934,act_935,2,01:15.0,01:21.3,0,3,0,0,6,1,leccare,mammelle,6,1,1,1,0,0,0,1,0,0,0,1,0,0,0,0,0,LT
935,act_936,2,01:25.0,01:27.6,0,3,0,0,6,1,leccare,mammelle,6,1,1,1,0,0,0,1,0,0,0,1,0,0,0,0,0,LT
936,act_937,0,01:23.3,01:23.5,0,3,0,0,6,1,abbaiare ,cuccioli ,6,1,1,1,0,0,0,0,0,0,0,0,0,0,0,0,0,LT
937,act_938,0,01:25.4,01:25.6,0,3,0,0,6,0,abbaiare ,cuccioli ,6,1,1,1,0,0,0,0,0,0,0,0,0,0,0,0,0,LT
938,act_939,0,01:27.3,01:27.7,0,1,0,0,6,1,ruttare,,6,1,1,1,0,0,0,0,0,0,0,0,0,0,0,0,0,LT
939,act_940,0,01:28.4,01:28.7,0,3,0,0,6,1,abbaiare ,cuccioli ,6,1,1,1,0,0,0,0,0,0,0,0,0,0,0,0,0,LT
940,act_941,2,01:30.0,01:39.5,0,3,0,0,5,1,accorrere,cani,6,1,1,1,0,0,0,1,0,0,0,2,1,0,0,0,0,LT
941,act_942,2,01:39.5,01:41.8,0,1,0,0,4,1,grattarsi,,6,0,1,0,0,0,0,0,0,0,0,0,0,0,0,0,0,LT
942,act_943,2,01:43.3,01:44.2,0,1,0,0,5,1,uscire,tinozza ,6,0,1,0,0,0,0,0,0,0,0,0,0,0,0,0,0,LT
943,act_944,2,01:47.8,01:48.7,0,3,0,0,8,1,leccare,testa,6,1,1,1,0,0,0,1,0,0,0,1,1,0,0,0,0,LT
944,act_945,2,01:49.3,01:51.4,0,3,0,0,8,1,leccare,muso,6,1,1,1,0,0,0,0,0,0,0,0,1,0,0,0,0,LT
945,act_946,2,01:52.0,01:58.7,0,3,0,0,5,1,accorrere,cani,6,1,1,1,0,0,0,1,0,0,0,0,1,0,0,0,0,LT
946,act_947,0,01:58.9,02:03.4,0,0,1,1,1,0,guidare ,macchina,6,0,1,1,0,0,1,0,0,1,0,0,0,0,0,0,0,LT
947,act_948,2,02:02.4,02:05.6,1,3,0,1,9,1,cercare ,orme ,6,0,1,1,0,0,0,0,0,1,0,0,0,0,0,0,0,LT
948,act_949,0,02:09.1,02:11.9,0,0,0,1,6,1,fumare ,sigaretta,6,0,1,0,1,0,1,0,1,1,0,2,1,0,0,0,0,LT
949,act_950,0,02:13.9,02:15.9,0,0,1,1,1,0,guidare ,macchina,6,0,1,1,0,0,1,0,0,1,0,0,0,0,0,0,0,LT
950,act_951,0,02:17.9,02:19.6,0,3,0,0,6,1,gracchiare,,6,1,1,1,0,0,0,0,0,0,0,0,0,0,0,0,0,LT
951,act_952,0,02:19.7,02:34.1,0,0,1,1,1,0,guidare ,macchina,6,0,1,1,0,0,1,0,0,0,0,0,0,0,0,0,0,LT
952,act_953,2,02:34.7,02:36.7,0,3,0,0,6,1,gracchiare,,6,1,1,1,0,0,0,0,0,0,0,0,0,0,0,0,0,LT
953,act_954,2,02:36.5,02:37.8,0,1,0,0,10,1,svegliarsi ,,6,0,1,0,1,0,0,0,0,0,0,0,0,0,0,0,0,LT
954,act_955,2,02:38.4,02:39.0,0,3,0,0,6,1,abbaiare ,cuccioli ,6,1,1,1,0,0,0,0,0,0,0,0,1,0,0,0,0,LT
955,act_956,2,02:39.0,02:40.0,1,4,0,0,5,1,correre ,,6,0,1,1,0,0,0,0,0,0,0,2,0,0,0,0,0,LT
956,act_957,2,02:40.7,02:46.8,1,4,0,0,5,1,correre,,6,0,1,1,0,0,0,0,0,0,0,2,0,0,0,0,0,LT
957,act_958,0,02:46.9,02:48.4,0,0,1,1,2,1,aprire,portiera,6,0,1,0,1,0,1,0,0,1,0,0,0,0,0,0,0,LT
958,act_959,0,02:48.5,02:53.3,0,1,1,1,5,1,scendere,macchina,6,0,1,0,1,0,1,0,0,1,0,2,0,0,0,0,0,LT
959,act_960,0,02:50.4,02:56.2,0,1,0,1,0,1,tapparsi,naso,6,0,1,1,0,0,0,0,0,1,0,0,1,0,1,0,0,LT
960,act_961,0,02:54.6,02:56.2,0,0,1,1,2,0,chiudere,portiera,6,0,1,0,1,0,1,0,0,1,0,2,0,0,0,0,0,LT
961,act_962,0,02:58.9,03:08.2,0,4,0,1,6,1,parlare,,6,0,1,1,0,0,0,0,0,1,0,0,1,0,0,0,0,LT
962,act_963,0,02:59.8,03:08.5,1,4,1,1,5,0,arrancare,,6,0,1,1,0,0,0,0,0,1,0,2,0,0,0,0,0,LT
963,act_964,0,03:09.1,03:14.5,1,4,1,0,10,1,volare,,6,0,1,1,0,0,0,0,0,0,0,2,0,0,0,0,0,LT
964,act_965,0,03:10.9,03:11.3,0,0,1,1,5,1,afferrare ,cappello,6,0,1,0,1,0,1,0,0,1,0,2,0,0,0,0,0,LT
965,act_966,0,03:11.2,03:12.9,1,4,0,1,3,1,dibattersi,,6,1,1,1,0,0,0,1,0,1,0,0,1,0,0,0,0,LT
966,act_967,0,03:14.2,03:14.5,1,0,1,0,5,1,atterrare,cornicione,6,0,1,0,1,0,0,0,0,0,0,2,0,0,0,0,0,LT
967,act_968,0,03:09.2,03:15.9,0,3,0,0,6,1,gracchiare,,6,1,1,1,0,0,0,0,0,0,0,0,0,0,0,0,0,LT
968,act_969,2,03:14.5,03:16.5,0,0,0,1,5,1,stropicciare,cappello,6,0,1,0,1,0,1,0,0,0,0,2,0,0,0,0,0,LT
969,act_970,0,03:17.9,03:18.6,0,4,0,1,3,1,indossare ,cappotto,6,0,1,0,1,0,1,0,0,1,0,2,1,0,1,0,0,LT
970,act_971,0,03:19.2,03:22.9,1,4,1,1,5,0,arrancare,,6,0,1,1,0,0,0,0,0,1,0,2,0,0,0,0,0,LT
971,act_972,2,03:23.0,03:24.6,1,4,0,0,5,1,scappare,,6,0,1,1,0,0,0,1,0,0,0,0,0,0,0,0,0,LT
972,act_973,2,03:26.7,03:27.6,0,3,0,0,6,1,abbaiare ,cuccioli ,6,1,1,1,0,0,0,0,0,0,0,0,0,0,0,0,0,LT
973,act_974,0,03:29.7,03:37.8,1,4,1,1,5,0,arrancare,,6,0,1,1,0,0,0,0,0,0,0,0,0,0,0,0,0,LT
974,act_975,0,03:38.0,03:43.7,0,0,0,0,9,1,sbirciare,fessura,6,0,0,1,0,0,1,0,0,1,0,0,0,0,0,0,0,LT
975,act_976,2,03:44.0,03:45.7,1,2,0,0,4,1,scalciare,porta,6,0,1,0,1,0,1,0,1,0,0,2,0,1,0,0,0,LT
976,act_977,2,03:50.0,03:51.3,0,0,1,1,5,1,alzarsi,suolo,6,0,1,0,1,0,0,0,0,0,0,0,0,0,0,0,0,LT
977,act_978,0,03:52.0,03:57.9,0,2,0,0,6,1,nitrire ,donna,6,1,1,1,0,0,0,0,0,0,0,0,1,0,0,0,0,LT
978,act_979,2,04:01.0,04:07.7,1,1,0,0,5,1,scendere,scale,6,0,1,1,1,0,1,0,0,0,0,0,0,0,0,0,0,LT
979,act_980,2,04:07.9,04:13.1,1,2,0,1,5,0,avvicinarsi,paglia,6,0,1,0,0,0,0,0,0,0,0,0,1,0,0,0,0,LT
980,act_981,2,04:13.2,04:14.6,0,0,0,1,3,1,scostare,tenda ,6,0,1,0,1,0,1,0,0,0,0,2,0,0,0,0,0,LT
981,act_982,0,04:14.0,04:23.3,1,4,0,0,5,1,correre ,,6,0,1,1,0,0,0,1,0,0,0,2,0,0,0,0,0,LT
982,act_983,2,04:16.2,04:25.4,0,4,0,1,6,1,parlare,,6,0,1,1,0,0,0,0,0,0,0,0,1,0,0,0,0,LT
983,act_984,2,04:25.4,04:26.3,0,4,0,1,6,1,ridere,,6,0,1,1,0,0,0,0,0,0,0,0,0,1,0,0,0,LT
984,act_985,2,04:31.1,04:35.3,0,3,0,1,6,1,parlare,procione,6,0,1,1,0,0,0,0,0,1,0,0,0,0,0,0,0,LT
985,act_986,2,04:36.9,04:45.5,0,2,0,0,6,1,squittire,donna,6,0,1,1,0,0,0,0,0,0,0,0,0,0,0,0,0,LT
986,act_987,2,04:37.6,04:41.7,0,3,0,1,6,1,ordinare,procione,6,1,1,0,1,0,0,0,0,1,0,0,1,0,0,0,0,LT
987,act_988,2,04:43.5,04:44.7,0,3,0,1,6,1,urlare,procione,6,1,1,0,1,0,0,0,0,1,0,0,1,0,0,0,0,LT
988,act_989,2,04:45.5,04:46.4,1,0,0,0,10,1,spingere ,leva,6,0,1,1,0,0,1,2,0,0,0,2,0,1,0,0,0,LT
989,act_990,2,04:52.0,04:53.2,0,4,0,0,6,1,ridere,donna,6,0,1,1,0,0,0,0,0,0,0,0,1,0,0,0,0,LT
990,act_991,2,04:53.5,04:54.9,0,3,0,1,0,1,battersi,zampe,6,1,1,0,1,0,0,2,0,0,0,0,0,0,0,0,0,LT
991,act_992,2,04:57.3,04:58.7,0,1,0,1,10,1,emergere,melassa,6,0,1,0,1,0,0,0,0,0,0,2,1,0,0,0,0,LT
992,act_993,2,04:58.9,04:59.2,1,4,0,0,10,1,volare,,6,0,1,1,0,0,0,0,0,0,0,2,1,0,0,0,0,LT
993,act_994,2,04:59.5,05:01.4,1,4,0,0,5,1,scappare,,6,0,1,1,0,0,0,1,0,0,0,2,1,0,0,0,0,LT
994,act_995,2,05:01.6,05:05.1,1,4,0,1,10,1,dibattersi,,6,0,1,1,0,0,0,1,0,0,0,0,1,0,0,0,0,LT
995,act_996,2,05:05.6,05:08.0,0,1,1,1,3,1,aggrapparsi,tinozza,6,0,1,0,1,0,1,0,0,0,0,2,0,0,0,0,0,LT
996,act_997,2,05:08.5,05:22.1,1,1,1,1,10,1,uscire,tinozza,6,0,1,0,1,0,1,0,0,0,0,2,0,0,0,0,0,LT
997,act_998,2,05:23.1,05:25.5,1,4,0,1,3,1,pulirsi,,6,0,1,1,0,0,0,0,0,0,0,2,0,0,0,0,0,LT
998,act_999,2,05:26.4,05:37.8,1,4,1,1,5,0,arrancare,,6,0,1,1,0,0,0,0,0,0,0,0,0,0,0,0,0,LT
999,act_1000,2,05:38.1,05:41.7,0,3,0,1,6,1,urlare,animali,6,1,1,1,0,0,0,0,0,0,0,0,1,0,0,0,0,LT
1000,act_1001,2,05:41.6,05:43.9,1,2,0,0,10,1,colpire ,donna,6,0,1,0,1,0,1,0,1,0,0,0,1,0,0,0,0,LT
1001,act_1002,2,05:48.0,05:49.8,0,4,0,0,6,1,nitrire ,,6,0,1,1,0,0,0,0,0,0,0,0,0,0,0,0,0,LT
1002,act_1003,2,05:49.3,05:50.3,0,4,0,0,6,1,muggire,,6,0,1,1,0,0,0,0,0,0,0,0,0,0,0,0,0,LT
1003,act_1004,2,05:54.6,05:57.3,0,4,0,0,6,1,grufolare,,6,0,1,1,0,0,0,1,0,0,0,0,0,0,0,0,0,LT
1004,act_1005,2,05:57.3,06:00.9,0,1,1,1,5,1,alzarsi ,letame,6,0,1,0,1,0,0,0,0,1,0,2,0,0,0,0,0,LT
1005,act_1006,0,06:06.3,06:09.4,0,0,1,1,1,0,guidare ,macchine,6,0,1,1,0,0,1,1,0,0,0,0,0,0,0,0,0,LT
1006,act_1007,0,06:09.4,06:14.1,0,0,1,1,2,1,aprire,portiere,6,0,1,0,1,0,1,1,0,0,0,2,0,0,0,0,1,LT
1007,act_1008,0,06:10.1,06:14.5,0,1,1,1,5,1,scendere,macchina,6,0,1,0,1,0,1,1,0,1,0,2,0,0,0,0,1,LT
1008,act_1009,0,06:17.1,06:17.8,0,1,1,1,6,1,domandare,donna ,6,1,1,0,1,0,0,0,0,1,0,0,0,1,0,0,0,LT
1009,act_1010,0,06:17.9,06:19.6,0,2,0,1,6,1,rispondere ,uomo,6,0,1,1,0,0,0,0,0,1,0,0,0,0,0,0,0,LT
1010,act_1011,0,06:19.6,06:21.9,0,2,0,1,6,1,parlare ,donna,6,0,1,1,0,0,0,0,0,1,0,0,1,0,0,0,1,LT
1011,act_1012,0,06:21.8,06:23.8,0,1,0,1,0,1,sistemarsi,ciuffo,6,0,1,1,0,1,0,0,0,1,0,0,0,0,0,0,0,LT
1012,act_1013,0,06:24.0,06:25.4,0,1,1,1,6,1,domandare,uomo,6,1,1,0,1,0,0,0,0,1,0,0,0,0,0,0,0,LT
1013,act_1014,0,06:26.0,06:27.1,0,0,1,1,2,1,aprire,portiera,6,0,1,0,1,0,1,1,0,1,0,2,0,0,0,0,0,LT
1014,act_1015,0,06:26.0,06:27.3,0,1,1,1,5,1,scendere,macchina,6,0,1,0,1,0,1,1,0,1,0,2,0,0,0,0,0,LT
1015,act_1016,0,06:27.5,06:28.7,0,0,1,1,2,1,aprire,portiera,6,0,1,0,1,0,1,1,0,1,0,2,0,0,0,0,0,LT
1016,act_1017,0,06:30.2,06:33.0,0,4,0,1,6,1,parlare,,6,0,1,1,0,0,0,0,0,1,0,0,1,0,0,0,0,LT
1017,act_1018,0,06:33.0,06:40.5,1,4,0,0,5,1,correre ,,6,0,1,1,0,0,0,0,0,0,0,2,0,0,0,0,0,LT
1018,act_1019,0,06:40.9,06:41.7,0,2,0,1,6,1,ridere ,,6,0,1,1,0,0,0,0,0,1,0,0,1,0,0,0,0,LT
1019,act_1020,0,06:46.9,06:56.1,1,4,0,0,5,1,correre ,,6,0,1,1,0,0,0,0,0,0,0,0,0,0,0,0,0,LT
1020,act_1021,1,06:57.1,06:59.3,0,0,1,1,1,1,guidare ,moto,6,0,1,1,0,0,1,0,0,1,0,2,0,0,0,0,1,LT
1021,act_1022,1,06:57.2,07:11.2,0,0,0,0,1,1,spostare,cuccioli ,6,0,1,1,0,0,1,1,0,1,0,1,0,0,0,0,1,LT
1022,act_1023,1,07:11.2,07:14.3,0,2,0,1,6,1,parlare ,uomo,6,0,1,1,0,0,0,0,0,0,0,0,0,0,0,0,0,LT
1023,act_1024,1,07:14.3,07:16.6,0,2,0,1,6,1,parlare ,ricetrasmittente,6,1,1,1,0,0,1,0,1,0,0,0,0,0,0,0,0,LT
1024,act_1025,1,07:16.6,07:16.8,0,4,0,0,6,1,abbaiare ,NaN ,6,1,1,1,0,0,0,0,0,0,0,0,1,0,0,0,0,LT
